Channel,Campaign ID,Campaign Name,Campaign Sent Time,Delivery Type,Moengage ID,Coupon Code,Coupon Addition Date,Coupon List Label
Email,685a602fa9cec612342845fg,New User Discount,2025-01-07 0:00:00,Even Triggered,63bd64e17380a1544c8310e8,ABCD965210,2025-01-01 0:00:00,OnboardingDiscount
Push,685a602fa9cec612342845fg,New User Discount,2025-09-22 0:00:00,Even Triggered,63bd87987380a109a3feff18,ABCD1D7D50,2025-01-01 0:00:00,OnboardingDiscount
SMS,685a602fa9cec612342845fg,New User Discount,2025-02-06 0:00:00,Even Triggered,63bd4cd140afe696b48a1a90,ABCDB35BAB,2025-01-01 0:00:00,OnboardingDiscount
WhatsApp,685a602fa9cec612342845fg,New User Discount,2025-07-10 0:00:00,Even Triggered,63bd766b3f26cc08deefd57d,ABCDA50E0A,2025-01-01 0:00:00,OnboardingDiscount
Email,685a602fa9cec612342845fg,New User Discount,2025-09-14 0:00:00,Even Triggered,63bd65377380a1508d608f77,ABCD030DA3,2025-01-01 0:00:00,OnboardingDiscount
Push,685a602fa9cec612342845fg,New User Discount,2025-10-18 0:00:00,Even Triggered,63bd81c3ec173308d24bd767,ABCD1019A2,2025-01-01 0:00:00,OnboardingDiscount
SMS,685a602fa9cec612342845fg,New User Discount,2025-01-11 0:00:00,Even Triggered,64e0c6c0e8e60c733d0f8871,ABCDF02230,2025-01-01 0:00:00,OnboardingDiscount
WhatsApp,685a602fa9cec612342845fg,New User Discount,2025-04-17 0:00:00,Even Triggered,63bd70b47380a135571734d1,ABCD51B5C6,2025-01-01 0:00:00,OnboardingDiscount
Email,685a602fa9cec612342845fg,New User Discount,2025-05-20 0:00:00,Even Triggered,63bd757d7380a109a3fe57f8,ABCDCF95E2,2025-01-01 0:00:00,OnboardingDiscount
Push,685a602fa9cec612342845fg,New User Discount,2025-01-13 0:00:00,Even Triggered,63bd748c74193b08d1c8cc85,ABCD41CA0E,2025-01-01 0:00:00,OnboardingDiscount
SMS,685a602fa9cec612342845fg,New User Discount,2025-06-26 0:00:00,Even Triggered,63bd68357380a1099cae6855,ABCDDE9F4F,2025-01-01 0:00:00,OnboardingDiscount
WhatsApp,685a602fa9cec612342845fg,New User Discount,2025-10-13 0:00:00,Even Triggered,63bd66f57380a16487164b6c,ABCD9F7921,2025-01-01 0:00:00,OnboardingDiscount
Email,685a602fa9cec612342845fg,New User Discount,2025-04-28 0:00:00,Even Triggered,63bd6cd27380a109bbaeca1b,ABCD5B73E5,2025-01-01 0:00:00,OnboardingDiscount
Push,685a602fa9cec612342845fg,New User Discount,2025-03-07 0:00:00,Even Triggered,63bd6ed730bbd408c5a1b636,ABCDD30167,2025-01-01 0:00:00,OnboardingDiscount
SMS,685a602fa9cec612342845fg,New User Discount,2025-09-05 0:00:00,Even Triggered,63bd673e7380a109a3fd1154,ABCD9CCD2B,2025-01-01 0:00:00,OnboardingDiscount
WhatsApp,685a602fa9cec612342845fg,New User Discount,2025-04-14 0:00:00,Even Triggered,63ad23adbe4d59283d8b1096,ABCD186E03,2025-01-01 0:00:00,OnboardingDiscount
Email,685a602fa9cec612342845fg,New User Discount,2025-01-08 0:00:00,Even Triggered,63bd711c74193b08d06155e5,ABCD5E8D48,2025-01-01 0:00:00,OnboardingDiscount
Push,685a602fa9cec612342845fg,New User Discount,2025-12-20 0:00:00,Even Triggered,65b194b392c17b512fe4b7a2,ABCD3E7A96,2025-01-01 0:00:00,OnboardingDiscount
SMS,685a602fa9cec612342845fg,New User Discount,2025-11-21 0:00:00,Even Triggered,63bd4d43370721effc12aae2,ABCD64ED6F,2025-01-01 0:00:00,OnboardingDiscount
WhatsApp,685a602fa9cec612342845fg,New User Discount,2025-02-13 0:00:00,Even Triggered,65d8d9129ecdb2d280760703,ABCD95F0D4,2025-01-01 0:00:00,OnboardingDiscount
Email,685a602fa9cec612342845fg,New User Discount,2025-05-17 0:00:00,Even Triggered,63bd6ad64160e208cace96ec,ABCDE26281,2025-01-01 0:00:00,OnboardingDiscount
Push,685a602fa9cec612342845fg,New User Discount,2025-10-21 0:00:00,Even Triggered,63bd61267b6f5a2ae2c5808e,ABCD4FEA01,2025-01-01 0:00:00,OnboardingDiscount
SMS,685a602fa9cec612342845fg,New User Discount,2025-03-05 0:00:00,Even Triggered,63bd6f017380a13ed21719f1,ABCD9747A8,2025-01-01 0:00:00,OnboardingDiscount
WhatsApp,685a602fa9cec612342845fg,New User Discount,2025-09-24 0:00:00,Even Triggered,63bd73c33f26cc08f4a87227,ABCDC17120,2025-01-01 0:00:00,OnboardingDiscount
Email,685a602fa9cec612342845fg,New User Discount,2025-08-01 0:00:00,Even Triggered,63bd82987380a17e42fe6da7,ABCDD6AE0A,2025-01-01 0:00:00,OnboardingDiscount
Push,685a602fa9cec612342845fg,New User Discount,2025-04-06 0:00:00,Even Triggered,63bd7dd87380a17e42fe180b,ABCDEBA174,2025-01-01 0:00:00,OnboardingDiscount
SMS,685a602fa9cec612342845fg,New User Discount,2025-04-02 0:00:00,Even Triggered,64d31b978ae3b52d998c376e,ABCDCD92DF,2025-01-01 0:00:00,OnboardingDiscount
WhatsApp,685a602fa9cec612342845fg,New User Discount,2025-06-21 0:00:00,Even Triggered,63bd680a7380a17138ae12c5,ABCDABA2EE,2025-01-01 0:00:00,OnboardingDiscount
Email,685a602fa9cec612342845fg,New User Discount,2025-10-04 0:00:00,Even Triggered,63bd80817380a1508d624f40,ABCD03C11D,2025-01-01 0:00:00,OnboardingDiscount
Push,685a602fa9cec612342845fg,New User Discount,2025-03-01 0:00:00,Even Triggered,63bd83ecec173308c4170d48,ABCDA14108,2025-01-01 0:00:00,OnboardingDiscount
SMS,685a602fa9cec612342845fg,New User Discount,2025-01-05 0:00:00,Even Triggered,63bd3e05c3a77bcbb679e570,ABCD975F97,2025-01-01 0:00:00,OnboardingDiscount
WhatsApp,685a602fa9cec612342845fg,New User Discount,2025-04-25 0:00:00,Even Triggered,63bd665e7380a109716101e3,ABCDD0A518,2025-01-01 0:00:00,OnboardingDiscount
Email,685a602fa9cec612342845fg,New User Discount,2025-08-12 0:00:00,Even Triggered,63bd614b40afe696b48a54c5,ABCDA4E7F9,2025-01-01 0:00:00,OnboardingDiscount
Push,685a602fa9cec612342845fg,New User Discount,2025-06-01 0:00:00,Even Triggered,63bd73c17380a164871773a5,ABCD714036,2025-01-01 0:00:00,OnboardingDiscount
SMS,685a602fa9cec612342845fg,New User Discount,2025-02-08 0:00:00,Even Triggered,63bd72507380a13ed2175d3e,ABCD4778F1,2025-01-01 0:00:00,OnboardingDiscount
WhatsApp,685a602fa9cec612342845fg,New User Discount,2025-12-14 0:00:00,Even Triggered,63bd82917380a109b2b00d5c,ABCD0A7C32,2025-01-01 0:00:00,OnboardingDiscount
Email,685a602fa9cec612342845fg,New User Discount,2025-06-16 0:00:00,Even Triggered,63bd723f74193b08e22ba699,ABCD771026,2025-01-01 0:00:00,OnboardingDiscount
Push,685a602fa9cec612342845fg,New User Discount,2025-12-21 0:00:00,Even Triggered,6718e5924208bf2567f96539,ABCD865791,2025-01-01 0:00:00,OnboardingDiscount
SMS,685a602fa9cec612342845fg,New User Discount,2025-09-28 0:00:00,Even Triggered,63bd73ce3f26cc08d2dfc879,ABCDC2CE4A,2025-01-01 0:00:00,OnboardingDiscount
WhatsApp,685a602fa9cec612342845fg,New User Discount,2025-09-22 0:00:00,Even Triggered,63bd648fe987c43b94c69e3d,ABCD513037,2025-01-01 0:00:00,OnboardingDiscount
Email,685a602fa9cec612342845fg,New User Discount,2025-06-10 0:00:00,Even Triggered,63bd755eec173308c3e6cfb1,ABCD1575C0,2025-01-01 0:00:00,OnboardingDiscount
Push,685a602fa9cec612342845fg,New User Discount,2025-08-11 0:00:00,Even Triggered,63bd5752440db4da4e9c579c,ABCD41CB04,2025-01-01 0:00:00,OnboardingDiscount
SMS,685a602fa9cec612342845fg,New User Discount,2025-02-16 0:00:00,Even Triggered,63bd845dec173308d24c0632,ABCDF0E831,2025-01-01 0:00:00,OnboardingDiscount
WhatsApp,685a602fa9cec612342845fg,New User Discount,2025-12-15 0:00:00,Even Triggered,63a4b2064941712da98cc8d3,ABCD80C00A,2025-01-01 0:00:00,OnboardingDiscount
Email,685a602fa9cec612342845fg,New User Discount,2025-02-06 0:00:00,Even Triggered,63bd7ec4ec173308d702da77,ABCD37792C,2025-01-01 0:00:00,OnboardingDiscount
Push,685a602fa9cec612342845fg,New User Discount,2025-01-22 0:00:00,Even Triggered,685af4fd8db0776ab3319e96,ABCD75914E,2025-01-01 0:00:00,OnboardingDiscount
SMS,685a602fa9cec612342845fg,New User Discount,2025-12-15 0:00:00,Even Triggered,63bd70ef7380a1508d61ad39,ABCD134223,2025-01-01 0:00:00,OnboardingDiscount
WhatsApp,685a602fa9cec612342845fg,New User Discount,2025-02-19 0:00:00,Even Triggered,63bd49a7b91e3651cf7167b3,ABCD01528B,2025-01-01 0:00:00,OnboardingDiscount
Email,685a602fa9cec612342845fg,New User Discount,2025-05-22 0:00:00,Even Triggered,63bd71b17380a109b4fe0c0b,ABCD1FF7DC,2025-01-01 0:00:00,OnboardingDiscount
Push,685a602fa9cec612342845fg,New User Discount,2025-04-30 0:00:00,Even Triggered,63bd6c5227597608bfd5fd20,ABCD641DC3,2025-01-01 0:00:00,OnboardingDiscount
SMS,685a602fa9cec612342845fg,New User Discount,2025-11-30 0:00:00,Even Triggered,66715bb3f21ba847c7b86cf8,ABCD0E6B24,2025-01-01 0:00:00,OnboardingDiscount
WhatsApp,685a602fa9cec612342845fg,New User Discount,2025-03-03 0:00:00,Even Triggered,63bd6c577380a1544c83c259,ABCD6DD046,2025-01-01 0:00:00,OnboardingDiscount
Email,685a602fa9cec612342845fg,New User Discount,2025-09-09 0:00:00,Even Triggered,63bd6e2c7380a109a0fdba35,ABCDC7B515,2025-01-01 0:00:00,OnboardingDiscount
Push,685a602fa9cec612342845fg,New User Discount,2025-08-05 0:00:00,Even Triggered,63bd704bec173308d66699ee,ABCD18B69C,2025-01-01 0:00:00,OnboardingDiscount
SMS,685a602fa9cec612342845fg,New User Discount,2025-08-02 0:00:00,Even Triggered,63aaead7363e10408a5bc2e6,ABCDAB84E7,2025-01-01 0:00:00,OnboardingDiscount
WhatsApp,685a602fa9cec612342845fg,New User Discount,2025-09-04 0:00:00,Even Triggered,63bd735e3f26cc08e8db1287,ABCD0B5065,2025-01-01 0:00:00,OnboardingDiscount
Email,685a602fa9cec612342845fg,New User Discount,2025-10-24 0:00:00,Even Triggered,63bd758e3f26cc08d639e5b1,ABCDEBF19B,2025-01-01 0:00:00,OnboardingDiscount
Push,685a602fa9cec612342845fg,New User Discount,2025-03-24 0:00:00,Even Triggered,63bd736b74193b08d0617646,ABCD0DF0DC,2025-01-01 0:00:00,OnboardingDiscount
SMS,685a602fa9cec612342845fg,New User Discount,2025-11-17 0:00:00,Even Triggered,63bd701c7380a1096d620d65,ABCDFEFFE9,2025-01-01 0:00:00,OnboardingDiscount
WhatsApp,685a602fa9cec612342845fg,New User Discount,2025-12-22 0:00:00,Even Triggered,63bd6cd2c1e270e59de58b57,ABCD0FAF23,2025-01-01 0:00:00,OnboardingDiscount
Email,685a602fa9cec612342845fg,New User Discount,2025-08-17 0:00:00,Even Triggered,63bd72c97380a10999fe0e17,ABCD210989,2025-01-01 0:00:00,OnboardingDiscount
Push,685a602fa9cec612342845fg,New User Discount,2025-10-26 0:00:00,Even Triggered,63a2feab80a2d5090d0b1698,ABCDE8A03F,2025-01-01 0:00:00,OnboardingDiscount
SMS,685a602fa9cec612342845fg,New User Discount,2025-11-26 0:00:00,Even Triggered,63bd707d7380a1097761f590,ABCD99F790,2025-01-01 0:00:00,OnboardingDiscount
WhatsApp,685a602fa9cec612342845fg,New User Discount,2025-11-13 0:00:00,Even Triggered,647cdba15a6cf642a9d73e9d,ABCD9E3F99,2025-01-01 0:00:00,OnboardingDiscount
Email,685a602fa9cec612342845fg,New User Discount,2025-09-17 0:00:00,Even Triggered,63a351dc96a01945e75bc28c,ABCD3A01EE,2025-01-01 0:00:00,OnboardingDiscount
Push,685a602fa9cec612342845fg,New User Discount,2025-02-02 0:00:00,Even Triggered,63bd7171ec173308d666a709,ABCDE5FDDA,2025-01-01 0:00:00,OnboardingDiscount
SMS,685a602fa9cec612342845fg,New User Discount,2025-04-16 0:00:00,Even Triggered,64466d678550995fa4501a0e,ABCDFE52EE,2025-01-01 0:00:00,OnboardingDiscount
WhatsApp,685a602fa9cec612342845fg,New User Discount,2025-10-17 0:00:00,Even Triggered,63bd83ec7380a16487181649,ABCD893C48,2025-01-01 0:00:00,OnboardingDiscount
Email,685a602fa9cec612342845fg,New User Discount,2025-06-13 0:00:00,Even Triggered,63bd6fad7380a1508d6191fa,ABCD55209C,2025-01-01 0:00:00,OnboardingDiscount
Push,685a602fa9cec612342845fg,New User Discount,2025-09-18 0:00:00,Even Triggered,63ebea0ceb8337c3a08e05f5,ABCDD2E33D,2025-01-01 0:00:00,OnboardingDiscount
SMS,685a602fa9cec612342845fg,New User Discount,2025-12-13 0:00:00,Even Triggered,63bd73a9ec173308d24b7c72,ABCD725A2C,2025-01-01 0:00:00,OnboardingDiscount
WhatsApp,685a602fa9cec612342845fg,New User Discount,2025-05-06 0:00:00,Even Triggered,63bd66717380a154e78339de,ABCD92F9B4,2025-01-01 0:00:00,OnboardingDiscount
Email,685a602fa9cec612342845fg,New User Discount,2025-12-27 0:00:00,Even Triggered,63bd71a374193b08e1a7e0dc,ABCD6847EA,2025-01-01 0:00:00,OnboardingDiscount
Push,685a602fa9cec612342845fg,New User Discount,2025-11-11 0:00:00,Even Triggered,63bed94bd9fbeeaaf23bd01c,ABCDF3CD91,2025-01-01 0:00:00,OnboardingDiscount
SMS,685a602fa9cec612342845fg,New User Discount,2025-10-30 0:00:00,Even Triggered,63bd72193f26cc08da610f71,ABCD6BDB4A,2025-01-01 0:00:00,OnboardingDiscount
WhatsApp,685a602fa9cec612342845fg,New User Discount,2025-04-02 0:00:00,Even Triggered,63bd70e23f26cc08f4a84dd8,ABCD27A12F,2025-01-01 0:00:00,OnboardingDiscount
Email,685a602fa9cec612342845fg,New User Discount,2025-11-22 0:00:00,Even Triggered,63bd672c7380a1097161169c,ABCD37E719,2025-01-01 0:00:00,OnboardingDiscount
Push,685a602fa9cec612342845fg,New User Discount,2025-04-06 0:00:00,Even Triggered,63bd6fdf7380a1097361f5b2,ABCDFDAAA4,2025-01-01 0:00:00,OnboardingDiscount
SMS,685a602fa9cec612342845fg,New User Discount,2025-05-09 0:00:00,Even Triggered,63bd71817380a135571748b1,ABCD5EDFFB,2025-01-01 0:00:00,OnboardingDiscount
WhatsApp,685a602fa9cec612342845fg,New User Discount,2025-04-05 0:00:00,Even Triggered,63bd6b5927597608bfd5eb31,ABCDF348CC,2025-01-01 0:00:00,OnboardingDiscount
Email,685a602fa9cec612342845fg,New User Discount,2025-07-24 0:00:00,Even Triggered,63bd6ab54160e208c44fe18f,ABCD26DAA9,2025-01-01 0:00:00,OnboardingDiscount
Push,685a602fa9cec612342845fg,New User Discount,2025-02-20 0:00:00,Even Triggered,63bd67f87380a10971612f33,ABCD90C6C1,2025-01-01 0:00:00,OnboardingDiscount
SMS,685a602fa9cec612342845fg,New User Discount,2025-03-26 0:00:00,Even Triggered,63bd5857a9fe5c24d78e28cf,ABCD054ED3,2025-01-01 0:00:00,OnboardingDiscount
WhatsApp,685a602fa9cec612342845fg,New User Discount,2025-04-09 0:00:00,Even Triggered,63a61e6ad7db2439988754f1,ABCDE8F48C,2025-01-01 0:00:00,OnboardingDiscount
Email,685a602fa9cec612342845fg,New User Discount,2025-03-21 0:00:00,Even Triggered,63bd71b1ec173308c6664141,ABCDCC3D0A,2025-01-01 0:00:00,OnboardingDiscount
Push,685a602fa9cec612342845fg,New User Discount,2025-04-03 0:00:00,Even Triggered,63bd6c6a27597608c3fad5f9,ABCD34AAEB,2025-01-01 0:00:00,OnboardingDiscount
SMS,685a602fa9cec612342845fg,New User Discount,2025-09-29 0:00:00,Even Triggered,63bd824b7380a109a0feac8e,ABCD849093,2025-01-01 0:00:00,OnboardingDiscount
WhatsApp,685a602fa9cec612342845fg,New User Discount,2025-02-24 0:00:00,Even Triggered,63bd6c8d7380a13a9783bb19,ABCDA3A810,2025-01-01 0:00:00,OnboardingDiscount
Email,685a602fa9cec612342845fg,New User Discount,2025-11-28 0:00:00,Even Triggered,6599595c72e635639a3db73f,ABCD510931,2025-01-01 0:00:00,OnboardingDiscount
Push,685a602fa9cec612342845fg,New User Discount,2025-07-28 0:00:00,Even Triggered,63a4a8a6a429750a2f304b8c,ABCD7F6821,2025-01-01 0:00:00,OnboardingDiscount
SMS,685a602fa9cec612342845fg,New User Discount,2025-11-02 0:00:00,Even Triggered,63bd71a574193b08d1c8acda,ABCDEED9D9,2025-01-01 0:00:00,OnboardingDiscount
WhatsApp,685a602fa9cec612342845fg,New User Discount,2025-06-20 0:00:00,Even Triggered,63bd6a2a7380a109736163b1,ABCD5A2468,2025-01-01 0:00:00,OnboardingDiscount
Email,685a602fa9cec612342845fg,New User Discount,2025-11-21 0:00:00,Even Triggered,6744913cd9d78c57b83e5faf,ABCDF1A678,2025-01-01 0:00:00,OnboardingDiscount
Push,685a602fa9cec612342845fg,New User Discount,2025-10-13 0:00:00,Even Triggered,661293b6b3c0c83afe41ebac,ABCD3C696B,2025-01-01 0:00:00,OnboardingDiscount
SMS,685a602fa9cec612342845fg,New User Discount,2025-03-24 0:00:00,Even Triggered,63bd6b0c27597608d61b6185,ABCD76F8EA,2025-01-01 0:00:00,OnboardingDiscount
WhatsApp,685a602fa9cec612342845fg,New User Discount,2025-04-03 0:00:00,Even Triggered,63bd9694a99f57e685e806e9,ABCD66EE63,2025-01-01 0:00:00,OnboardingDiscount
Email,685a602fa9cec612342845fg,New User Discount,2025-10-07 0:00:00,Even Triggered,63bd6a5a7380a13557169f11,ABCDCEB21D,2025-01-01 0:00:00,OnboardingDiscount
Push,685a602fa9cec612342845fg,New User Discount,2025-01-24 0:00:00,Even Triggered,63bd6f993f26cc08d639a78b,ABCD7374C1,2025-01-01 0:00:00,OnboardingDiscount
SMS,685a602fa9cec612342845fg,New User Discount,2025-02-23 0:00:00,Even Triggered,63bd68a47380a109b2ae7313,ABCD2667EF,2025-01-01 0:00:00,OnboardingDiscount
WhatsApp,685a602fa9cec612342845fg,New User Discount,2025-06-16 0:00:00,Even Triggered,63bd71487380a10999fdea2b,ABCDB848D9,2025-01-01 0:00:00,OnboardingDiscount
Email,685a602fa9cec612342845fg,New User Discount,2025-01-19 0:00:00,Even Triggered,63bd82ec3e867c08cb6fd2d8,ABCD3AEA80,2025-01-01 0:00:00,OnboardingDiscount
Push,685a602fa9cec612342845fg,New User Discount,2025-11-25 0:00:00,Even Triggered,63bd83763e867c08c795e39a,ABCD3523C3,2025-01-01 0:00:00,OnboardingDiscount
SMS,685a602fa9cec612342845fg,New User Discount,2025-08-07 0:00:00,Even Triggered,63bd67ac7380a1508d60ccbc,ABCDBA493E,2025-01-01 0:00:00,OnboardingDiscount
WhatsApp,685a602fa9cec612342845fg,New User Discount,2025-07-13 0:00:00,Even Triggered,63a1f0f399a76f9bbec8566a,ABCD19A4F2,2025-01-01 0:00:00,OnboardingDiscount
Email,685a602fa9cec612342845fg,New User Discount,2025-01-09 0:00:00,Even Triggered,63bd81d17380a109b2b00357,ABCD52C58A,2025-01-01 0:00:00,OnboardingDiscount
Push,685a602fa9cec612342845fg,New User Discount,2025-10-19 0:00:00,Even Triggered,63bd6dd57380a1097161b860,ABCDAA5699,2025-01-01 0:00:00,OnboardingDiscount
SMS,685a602fa9cec612342845fg,New User Discount,2025-09-15 0:00:00,Even Triggered,63bd72e7a99f57e685e7abc7,ABCD5CC83E,2025-01-01 0:00:00,OnboardingDiscount
WhatsApp,685a602fa9cec612342845fg,New User Discount,2025-12-04 0:00:00,Even Triggered,6759ce9e2b468c16c0ad25eb,ABCD2F9C53,2025-01-01 0:00:00,OnboardingDiscount
Email,685a602fa9cec612342845fg,New User Discount,2025-06-03 0:00:00,Even Triggered,63bd59aba9fe5c24d78e2c87,ABCDB4E329,2025-01-01 0:00:00,OnboardingDiscount
Push,685a602fa9cec612342845fg,New User Discount,2025-01-17 0:00:00,Even Triggered,63bd68c87380a1544c836fae,ABCD41DD87,2025-01-01 0:00:00,OnboardingDiscount
SMS,685a602fa9cec612342845fg,New User Discount,2025-04-17 0:00:00,Even Triggered,63a16fd6f53d7a8654286d96,ABCDEB40A2,2025-01-01 0:00:00,OnboardingDiscount
WhatsApp,685a602fa9cec612342845fg,New User Discount,2025-10-25 0:00:00,Even Triggered,63bd6a337380a13a978385ab,ABCDE3D44D,2025-01-01 0:00:00,OnboardingDiscount
Email,685a602fa9cec612342845fg,New User Discount,2025-02-01 0:00:00,Even Triggered,63bd707b7380a109b3848030,ABCD9FA778,2025-01-01 0:00:00,OnboardingDiscount
Push,685a602fa9cec612342845fg,New User Discount,2025-04-30 0:00:00,Even Triggered,63bd6ac07380a17138ae4a43,ABCDDDA5B2,2025-01-01 0:00:00,OnboardingDiscount
SMS,685a602fa9cec612342845fg,New User Discount,2025-11-25 0:00:00,Even Triggered,63bd730f7380a1097162265a,ABCD2AD436,2025-01-01 0:00:00,OnboardingDiscount
WhatsApp,685a602fa9cec612342845fg,New User Discount,2025-08-03 0:00:00,Even Triggered,63bd65be7380a109931682cf,ABCDA66F8C,2025-01-01 0:00:00,OnboardingDiscount
Email,685a602fa9cec612342845fg,New User Discount,2025-07-03 0:00:00,Even Triggered,63bd696d7380a13a97837a0d,ABCD13A6BA,2025-01-01 0:00:00,OnboardingDiscount
Push,685a602fa9cec612342845fg,New User Discount,2025-04-03 0:00:00,Even Triggered,63bd74347380a16487177c0e,ABCDCCCDA0,2025-01-01 0:00:00,OnboardingDiscount
SMS,685a602fa9cec612342845fg,New User Discount,2025-03-29 0:00:00,Even Triggered,63bd73777380a109a0fe32ca,ABCD2C7885,2025-01-01 0:00:00,OnboardingDiscount
WhatsApp,685a602fa9cec612342845fg,New User Discount,2025-12-04 0:00:00,Even Triggered,63bd715674193b08e1a7dbf8,ABCD892DBA,2025-01-01 0:00:00,OnboardingDiscount
Email,685a602fa9cec612342845fg,New User Discount,2025-03-24 0:00:00,Even Triggered,63bd89787380a10999fed1ae,ABCD67D2D4,2025-01-01 0:00:00,OnboardingDiscount
Push,685a602fa9cec612342845fg,New User Discount,2025-05-21 0:00:00,Even Triggered,67dd79563f4c8073fc51786b,ABCD252D0B,2025-01-01 0:00:00,OnboardingDiscount
SMS,685a602fa9cec612342845fg,New User Discount,2025-07-05 0:00:00,Even Triggered,6482eebafe7e7235d4afcf71,ABCDA1BAF6,2025-01-01 0:00:00,OnboardingDiscount
WhatsApp,685a602fa9cec612342845fg,New User Discount,2025-05-31 0:00:00,Even Triggered,63c6f472bb1baa3d3645943d,ABCDAD82DE,2025-01-01 0:00:00,OnboardingDiscount
Email,685a602fa9cec612342845fg,New User Discount,2025-03-30 0:00:00,Even Triggered,63bd72af7380a16487175dcc,ABCDEEB94C,2025-01-01 0:00:00,OnboardingDiscount
Push,685a602fa9cec612342845fg,New User Discount,2025-03-24 0:00:00,Even Triggered,63bd7dac7380a10971626e56,ABCDFBD236,2025-01-01 0:00:00,OnboardingDiscount
SMS,685a602fa9cec612342845fg,New User Discount,2025-02-11 0:00:00,Even Triggered,63bd69d87380a109776150a9,ABCD9F7996,2025-01-01 0:00:00,OnboardingDiscount
WhatsApp,685a602fa9cec612342845fg,New User Discount,2025-08-20 0:00:00,Even Triggered,63bd6e177380a109b2af00c9,ABCDCB8FCF,2025-01-01 0:00:00,OnboardingDiscount
Email,685a602fa9cec612342845fg,New User Discount,2025-08-31 0:00:00,Even Triggered,63bd70f574193b08ce963e3e,ABCD53663F,2025-01-01 0:00:00,OnboardingDiscount
Push,685a602fa9cec612342845fg,New User Discount,2025-02-18 0:00:00,Even Triggered,63bd7308ec173308c26a6869,ABCD9D7850,2025-01-01 0:00:00,OnboardingDiscount
SMS,685a602fa9cec612342845fg,New User Discount,2025-01-22 0:00:00,Even Triggered,63bd6d437380a1355716e649,ABCD954CF9,2025-01-01 0:00:00,OnboardingDiscount
WhatsApp,685a602fa9cec612342845fg,New User Discount,2025-09-06 0:00:00,Even Triggered,63bd729d7380a1508d61d06b,ABCD19FC1D,2025-01-01 0:00:00,OnboardingDiscount
Email,685a602fa9cec612342845fg,New User Discount,2025-07-27 0:00:00,Even Triggered,6849404a1c29055c31c3ba5c,ABCD01084C,2025-01-01 0:00:00,OnboardingDiscount
Push,685a602fa9cec612342845fg,New User Discount,2025-10-09 0:00:00,Even Triggered,63a14b7e88d146a8d151e19b,ABCD07F090,2025-01-01 0:00:00,OnboardingDiscount
SMS,685a602fa9cec612342845fg,New User Discount,2025-08-29 0:00:00,Even Triggered,63bd82c83e867c08dee3d871,ABCD1D1ADE,2025-01-01 0:00:00,OnboardingDiscount
WhatsApp,685a602fa9cec612342845fg,New User Discount,2025-10-23 0:00:00,Even Triggered,685b0b9e05824074b884c713,ABCDBDBD0F,2025-01-01 0:00:00,OnboardingDiscount
Email,685a602fa9cec612342845fg,New User Discount,2025-06-12 0:00:00,Even Triggered,63bd6f7eec173308c5578642,ABCD4179D8,2025-01-01 0:00:00,OnboardingDiscount
Push,685a602fa9cec612342845fg,New User Discount,2025-12-11 0:00:00,Even Triggered,63bd71a674193b08d1c8ad54,ABCDA6BE30,2025-01-01 0:00:00,OnboardingDiscount
SMS,685a602fa9cec612342845fg,New User Discount,2025-05-12 0:00:00,Even Triggered,63bd6ba97380a154e783af74,ABCD82B3E9,2025-01-01 0:00:00,OnboardingDiscount
WhatsApp,685a602fa9cec612342845fg,New User Discount,2025-10-18 0:00:00,Even Triggered,63bd70d47380a109a0fdfba0,ABCDE2CA04,2025-01-01 0:00:00,OnboardingDiscount
Email,685a602fa9cec612342845fg,New User Discount,2025-05-29 0:00:00,Even Triggered,63a97761e3e3fe0ce813765c,ABCD7D3368,2025-01-01 0:00:00,OnboardingDiscount
Push,685a602fa9cec612342845fg,New User Discount,2025-04-02 0:00:00,Even Triggered,63bd7fc07380a17e42fe3a15,ABCD3D6E10,2025-01-01 0:00:00,OnboardingDiscount
SMS,685a602fa9cec612342845fg,New User Discount,2025-01-22 0:00:00,Even Triggered,6755632f1dd0de6e148a8c47,ABCD541B10,2025-01-01 0:00:00,OnboardingDiscount
WhatsApp,685a602fa9cec612342845fg,New User Discount,2025-02-24 0:00:00,Even Triggered,63bd75ce74193b08ce966d0d,ABCDEAE819,2025-01-01 0:00:00,OnboardingDiscount
Email,685a602fa9cec612342845fg,New User Discount,2025-05-03 0:00:00,Even Triggered,63bd72adec173308c6664aeb,ABCDBC0E43,2025-01-01 0:00:00,OnboardingDiscount
Push,685a602fa9cec612342845fg,New User Discount,2025-12-22 0:00:00,Even Triggered,63bd7e7974193b08cf0f9798,ABCD29FB24,2025-01-01 0:00:00,OnboardingDiscount
SMS,685a602fa9cec612342845fg,New User Discount,2025-10-14 0:00:00,Even Triggered,63bd7314ec173308d24b712c,ABCD85CBD3,2025-01-01 0:00:00,OnboardingDiscount
WhatsApp,685a602fa9cec612342845fg,New User Discount,2025-11-30 0:00:00,Even Triggered,63bd6daf27597608d1b1a97a,ABCDD68D40,2025-01-01 0:00:00,OnboardingDiscount
Email,685a602fa9cec612342845fg,New User Discount,2025-02-07 0:00:00,Even Triggered,63bd405cc1e270e59de50e0f,ABCD896165,2025-01-01 0:00:00,OnboardingDiscount
Push,685a602fa9cec612342845fg,New User Discount,2025-12-14 0:00:00,Even Triggered,63bd65cd7380a109b9837fd8,ABCD632B26,2025-01-01 0:00:00,OnboardingDiscount
SMS,685a602fa9cec612342845fg,New User Discount,2025-07-29 0:00:00,Even Triggered,66f6c305890f9c63335c6d59,ABCD9EF994,2025-01-01 0:00:00,OnboardingDiscount
WhatsApp,685a602fa9cec612342845fg,New User Discount,2025-04-25 0:00:00,Even Triggered,63bd68477380a109b383c06c,ABCDA18F68,2025-01-01 0:00:00,OnboardingDiscount
Email,685a602fa9cec612342845fg,New User Discount,2025-04-23 0:00:00,Even Triggered,63bd696b7380a13a978379e9,ABCDE8135C,2025-01-01 0:00:00,OnboardingDiscount
Push,685a602fa9cec612342845fg,New User Discount,2025-02-22 0:00:00,Even Triggered,63bd66f77380a13a978341e9,ABCD25C730,2025-01-01 0:00:00,OnboardingDiscount
SMS,685a602fa9cec612342845fg,New User Discount,2025-02-03 0:00:00,Even Triggered,63bd6afd4160e208c3864abd,ABCD69C5C3,2025-01-01 0:00:00,OnboardingDiscount
WhatsApp,685a602fa9cec612342845fg,New User Discount,2025-10-17 0:00:00,Even Triggered,63bd76f33f26cc08da6143f7,ABCD7B27D5,2025-01-01 0:00:00,OnboardingDiscount
Email,685a602fa9cec612342845fg,New User Discount,2025-05-18 0:00:00,Even Triggered,63bd68757380a17e42fccf63,ABCD53DBC9,2025-01-01 0:00:00,OnboardingDiscount
Push,685a602fa9cec612342845fg,New User Discount,2025-08-02 0:00:00,Even Triggered,63bd53f7e987c43b94c66f07,ABCDF98C37,2025-01-01 0:00:00,OnboardingDiscount
SMS,685a602fa9cec612342845fg,New User Discount,2025-11-08 0:00:00,Even Triggered,63bd82d77380a17e42fe71e5,ABCD456496,2025-01-01 0:00:00,OnboardingDiscount
WhatsApp,685a602fa9cec612342845fg,New User Discount,2025-05-22 0:00:00,Even Triggered,63bd82917380a109b2b00d60,ABCDF32EF0,2025-01-01 0:00:00,OnboardingDiscount
Email,685a602fa9cec612342845fg,New User Discount,2025-04-25 0:00:00,Even Triggered,63bd6c2230bbd408d5c6a630,ABCDD84397,2025-01-01 0:00:00,OnboardingDiscount
Push,685a602fa9cec612342845fg,New User Discount,2025-04-07 0:00:00,Even Triggered,63bd73a67380a109b4fe368b,ABCD663D72,2025-01-01 0:00:00,OnboardingDiscount
SMS,685a602fa9cec612342845fg,New User Discount,2025-12-09 0:00:00,Even Triggered,63bd88dd74193b08ddc507ab,ABCDCFCB67,2025-01-01 0:00:00,OnboardingDiscount
WhatsApp,685a602fa9cec612342845fg,New User Discount,2025-06-13 0:00:00,Even Triggered,644abacb95a813d91607d59d,ABCD77F836,2025-01-01 0:00:00,OnboardingDiscount
Email,685a602fa9cec612342845fg,New User Discount,2025-03-21 0:00:00,Even Triggered,63bd72927380a16487175bb5,ABCD41FFB6,2025-01-01 0:00:00,OnboardingDiscount
Push,685a602fa9cec612342845fg,New User Discount,2025-04-23 0:00:00,Even Triggered,6461bcb7c2507b084cfe8c45,ABCDD2C924,2025-01-01 0:00:00,OnboardingDiscount
SMS,685a602fa9cec612342845fg,New User Discount,2025-09-14 0:00:00,Even Triggered,63bd4772ae187405e93ef08c,ABCD667D3D,2025-01-01 0:00:00,OnboardingDiscount
WhatsApp,685a602fa9cec612342845fg,New User Discount,2025-12-11 0:00:00,Even Triggered,63bd69b87380a1355716923d,ABCD97C251,2025-01-01 0:00:00,OnboardingDiscount
Email,685a602fa9cec612342845fg,New User Discount,2025-06-13 0:00:00,Even Triggered,662a582462c8715a092ed8a5,ABCD793FB6,2025-01-01 0:00:00,OnboardingDiscount
Push,685a602fa9cec612342845fg,New User Discount,2025-05-21 0:00:00,Even Triggered,63bd80f47380a10999fe9200,ABCDA940E2,2025-01-01 0:00:00,OnboardingDiscount
SMS,685a602fa9cec612342845fg,New User Discount,2025-05-12 0:00:00,Even Triggered,63bd82343e867c08c795d5c4,ABCDBF0DB7,2025-01-01 0:00:00,OnboardingDiscount
WhatsApp,685a602fa9cec612342845fg,New User Discount,2025-06-25 0:00:00,Even Triggered,64870c97e6d6238b13de538f,ABCD6226A0,2025-01-01 0:00:00,OnboardingDiscount
Email,685a602fa9cec612342845fg,New User Discount,2025-05-11 0:00:00,Even Triggered,63bd73ea7380a109b4fe3c60,ABCD23FFA0,2025-01-01 0:00:00,OnboardingDiscount
Push,685a602fa9cec612342845fg,New User Discount,2025-12-30 0:00:00,Even Triggered,63bd64fc7380a13557161bb5,ABCD06C3EB,2025-01-01 0:00:00,OnboardingDiscount
SMS,685a602fa9cec612342845fg,New User Discount,2025-03-11 0:00:00,Even Triggered,63bd65687380a1097760ee3e,ABCD660506,2025-01-01 0:00:00,OnboardingDiscount
WhatsApp,685a602fa9cec612342845fg,New User Discount,2025-03-04 0:00:00,Even Triggered,642ec38803ed9e32e0f11e0c,ABCD4C7C69,2025-01-01 0:00:00,OnboardingDiscount
Email,685a602fa9cec612342845fg,New User Discount,2025-09-18 0:00:00,Even Triggered,63bd7214ec173308d666b187,ABCDECD161,2025-01-01 0:00:00,OnboardingDiscount
Push,685a602fa9cec612342845fg,New User Discount,2025-09-04 0:00:00,Even Triggered,64902cebf50e1f0d5e1bdfd0,ABCD0D19E4,2025-01-01 0:00:00,OnboardingDiscount
SMS,685a602fa9cec612342845fg,New User Discount,2025-10-30 0:00:00,Even Triggered,63bd52c0d29cbcb5999778de,ABCD0E57A1,2025-01-01 0:00:00,OnboardingDiscount
WhatsApp,685a602fa9cec612342845fg,New User Discount,2025-03-20 0:00:00,Even Triggered,63bd82f93e867c08c8eb4195,ABCD750835,2025-01-01 0:00:00,OnboardingDiscount
Email,685a602fa9cec612342845fg,New User Discount,2025-03-14 0:00:00,Even Triggered,63bd481354674b34ab747158,ABCD0AF340,2025-01-01 0:00:00,OnboardingDiscount
Push,685a602fa9cec612342845fg,New User Discount,2025-08-09 0:00:00,Even Triggered,63bd6ced7380a109a0fd99f4,ABCDEC1B29,2025-01-01 0:00:00,OnboardingDiscount
SMS,685a602fa9cec612342845fg,New User Discount,2025-05-06 0:00:00,Even Triggered,63bd65217380a13a9783192c,ABCDD6F55B,2025-01-01 0:00:00,OnboardingDiscount
WhatsApp,685a602fa9cec612342845fg,New User Discount,2025-11-09 0:00:00,Even Triggered,63a5b1b95a3a83d22bf81a12,ABCD76FA78,2025-01-01 0:00:00,OnboardingDiscount
Email,685a602fa9cec612342845fg,New User Discount,2025-11-30 0:00:00,Even Triggered,63bd64307380a17138adbc83,ABCDB45F9B,2025-01-01 0:00:00,OnboardingDiscount
Push,685a602fa9cec612342845fg,New User Discount,2025-05-14 0:00:00,Even Triggered,64a2abad09cbe06febdc4411,ABCDFBADA8,2025-01-01 0:00:00,OnboardingDiscount
SMS,685a602fa9cec612342845fg,New User Discount,2025-09-13 0:00:00,Even Triggered,63bd709c3f26cc08e8daeb7f,ABCDF6DD60,2025-01-01 0:00:00,OnboardingDiscount
WhatsApp,685a602fa9cec612342845fg,New User Discount,2025-12-24 0:00:00,Even Triggered,63bd705374193b08d0614b8e,ABCD2636A5,2025-01-01 0:00:00,OnboardingDiscount
Email,685a602fa9cec612342845fg,New User Discount,2025-05-22 0:00:00,Even Triggered,63bd711a7380a1097762057d,ABCDBE1F1E,2025-01-01 0:00:00,OnboardingDiscount
Push,685a602fa9cec612342845fg,New User Discount,2025-11-20 0:00:00,Even Triggered,63bc1574dad5b5b116612dfd,ABCD694982,2025-01-01 0:00:00,OnboardingDiscount
SMS,685a602fa9cec612342845fg,New User Discount,2025-11-21 0:00:00,Even Triggered,6415bd264b29fafeff69fdb2,ABCD65B9A7,2025-01-01 0:00:00,OnboardingDiscount
WhatsApp,685a602fa9cec612342845fg,New User Discount,2025-02-14 0:00:00,Even Triggered,63bd4afa40afe696b48a1598,ABCD785958,2025-01-01 0:00:00,OnboardingDiscount
Email,685a602fa9cec612342845fg,New User Discount,2025-06-22 0:00:00,Even Triggered,63bd71dc7380a1508d61bc01,ABCDA5D82F,2025-01-01 0:00:00,OnboardingDiscount
Push,685a602fa9cec612342845fg,New User Discount,2025-07-29 0:00:00,Even Triggered,63bd6b487380a10977616ff4,ABCDE0126C,2025-01-01 0:00:00,OnboardingDiscount
SMS,685a602fa9cec612342845fg,New User Discount,2025-02-26 0:00:00,Even Triggered,63bd80d77380a17138af7fb1,ABCDAB67DB,2025-01-01 0:00:00,OnboardingDiscount
WhatsApp,685a602fa9cec612342845fg,New User Discount,2025-02-27 0:00:00,Even Triggered,63bd66907380a1096d6114ef,ABCD83C31F,2025-01-01 0:00:00,OnboardingDiscount
Email,685a602fa9cec612342845fg,New User Discount,2025-05-16 0:00:00,Even Triggered,63a214c860b22ad7ce70830e,ABCD131707,2025-01-01 0:00:00,OnboardingDiscount
Push,685a602fa9cec612342845fg,New User Discount,2025-11-06 0:00:00,Even Triggered,63bd68567380a10999fd1ecc,ABCDA19247,2025-01-01 0:00:00,OnboardingDiscount
SMS,685a602fa9cec612342845fg,New User Discount,2025-09-22 0:00:00,Even Triggered,63bd735f7380a17e42fdd9a9,ABCD40CD95,2025-01-01 0:00:00,OnboardingDiscount
WhatsApp,685a602fa9cec612342845fg,New User Discount,2025-04-01 0:00:00,Even Triggered,6735eb4b03f66c7a294fe130,ABCDC0E257,2025-01-01 0:00:00,OnboardingDiscount
Email,685a602fa9cec612342845fg,New User Discount,2025-03-06 0:00:00,Even Triggered,63bd6c3b27597608d61b7275,ABCD80DF12,2025-01-01 0:00:00,OnboardingDiscount
Push,685a602fa9cec612342845fg,New User Discount,2025-01-17 0:00:00,Even Triggered,63bd6f237380a1096d61f953,ABCDC9D0D8,2025-01-01 0:00:00,OnboardingDiscount
SMS,685a602fa9cec612342845fg,New User Discount,2025-12-17 0:00:00,Even Triggered,63bd73287380a1544c84721b,ABCD0230BA,2025-01-01 0:00:00,OnboardingDiscount
WhatsApp,685a602fa9cec612342845fg,New User Discount,2025-11-16 0:00:00,Even Triggered,63bd65b17380a109bbae2df8,ABCD0C1804,2025-01-01 0:00:00,OnboardingDiscount
Email,685a602fa9cec612342845fg,New User Discount,2025-08-20 0:00:00,Even Triggered,63bd73cc7380a1648717741d,ABCDB4A341,2025-01-01 0:00:00,OnboardingDiscount
Push,685a602fa9cec612342845fg,New User Discount,2025-08-09 0:00:00,Even Triggered,685a7b1fb729a04e5bdab518,ABCD3794B9,2025-01-01 0:00:00,OnboardingDiscount
SMS,685a602fa9cec612342845fg,New User Discount,2025-02-06 0:00:00,Even Triggered,63c82633018ca8627add78b9,ABCDE2ACB6,2025-01-01 0:00:00,OnboardingDiscount
WhatsApp,685a602fa9cec612342845fg,New User Discount,2025-01-03 0:00:00,Even Triggered,63bd704b7380a109961789ad,ABCD6EEC48,2025-01-01 0:00:00,OnboardingDiscount
Email,685a602fa9cec612342845fg,New User Discount,2025-02-09 0:00:00,Even Triggered,63bd7d827380a1544c84b843,ABCDB32B0A,2025-01-01 0:00:00,OnboardingDiscount
Push,685a602fa9cec612342845fg,New User Discount,2025-02-16 0:00:00,Even Triggered,63bd71217380a17138aedf43,ABCD1B1934,2025-01-01 0:00:00,OnboardingDiscount
SMS,685a602fa9cec612342845fg,New User Discount,2025-08-12 0:00:00,Even Triggered,63bd6a117380a109b2ae9553,ABCD131AE9,2025-01-01 0:00:00,OnboardingDiscount
WhatsApp,685a602fa9cec612342845fg,New User Discount,2025-06-05 0:00:00,Even Triggered,63bd64447380a109bbae1135,ABCD9450E1,2025-01-01 0:00:00,OnboardingDiscount
Email,685a602fa9cec612342845fg,New User Discount,2025-06-23 0:00:00,Even Triggered,63bd6e7d4160e208c45012b0,ABCDBEF937,2025-01-01 0:00:00,OnboardingDiscount
Push,685a602fa9cec612342845fg,New User Discount,2025-08-05 0:00:00,Even Triggered,63bd6b2530bbd408c6472f44,ABCD37DF38,2025-01-01 0:00:00,OnboardingDiscount
SMS,685a602fa9cec612342845fg,New User Discount,2025-09-12 0:00:00,Even Triggered,63bd80823f26cc08e8db5a93,ABCD6805EE,2025-01-01 0:00:00,OnboardingDiscount
WhatsApp,685a602fa9cec612342845fg,New User Discount,2025-04-15 0:00:00,Even Triggered,63bd88eb7380a109b4ff005f,ABCD90F785,2025-01-01 0:00:00,OnboardingDiscount
Email,685a602fa9cec612342845fg,New User Discount,2025-04-16 0:00:00,Even Triggered,63bd69697380a109b2ae87ff,ABCDE169E5,2025-01-01 0:00:00,OnboardingDiscount
Push,685a602fa9cec612342845fg,New User Discount,2025-07-05 0:00:00,Even Triggered,63bd66397380a109a3fcf9b0,ABCDE887CF,2025-01-01 0:00:00,OnboardingDiscount
SMS,685a602fa9cec612342845fg,New User Discount,2025-09-19 0:00:00,Even Triggered,63bd6bc57380a1096d6195f7,ABCD29E9FA,2025-01-01 0:00:00,OnboardingDiscount
WhatsApp,685a602fa9cec612342845fg,New User Discount,2025-10-28 0:00:00,Even Triggered,65ff2f1b64a0cafc32120273,ABCDE3A2C2,2025-01-01 0:00:00,OnboardingDiscount
Email,685a602fa9cec612342845fg,New User Discount,2025-06-20 0:00:00,Even Triggered,63bd82ae74193b08d061d910,ABCD487A85,2025-01-01 0:00:00,OnboardingDiscount
Push,685a602fa9cec612342845fg,New User Discount,2025-04-21 0:00:00,Even Triggered,63bd70eb7380a1508d61ac78,ABCD8F7965,2025-01-01 0:00:00,OnboardingDiscount
SMS,685a602fa9cec612342845fg,New User Discount,2025-01-28 0:00:00,Even Triggered,63bd6ad94160e208d4f27645,ABCD19C4A4,2025-01-01 0:00:00,OnboardingDiscount
WhatsApp,685a602fa9cec612342845fg,New User Discount,2025-12-09 0:00:00,Even Triggered,63bd68fd7380a109a0fd41d4,ABCDDFE8A3,2025-01-01 0:00:00,OnboardingDiscount
Email,685a602fa9cec612342845fg,New User Discount,2025-11-03 0:00:00,Even Triggered,63bd68357380a1099cae684a,ABCDA9487E,2025-01-01 0:00:00,OnboardingDiscount
Push,685a602fa9cec612342845fg,New User Discount,2025-07-18 0:00:00,Even Triggered,63a32a99f2367abfd6522311,ABCD2F256C,2025-01-01 0:00:00,OnboardingDiscount
SMS,685a602fa9cec612342845fg,New User Discount,2025-09-08 0:00:00,Even Triggered,63bd6ce230bbd408c5a19436,ABCD77F932,2025-01-01 0:00:00,OnboardingDiscount
WhatsApp,685a602fa9cec612342845fg,New User Discount,2025-01-16 0:00:00,Even Triggered,66210554a46c7f00286e4752,ABCD3B58B2,2025-01-01 0:00:00,OnboardingDiscount
Email,685a602fa9cec612342845fg,New User Discount,2025-01-14 0:00:00,Even Triggered,648774b4bb705e04fcffb8fb,ABCDB8DE6A,2025-01-01 0:00:00,OnboardingDiscount
Push,685a602fa9cec612342845fg,New User Discount,2025-12-15 0:00:00,Even Triggered,63bd6aeb4160e208c44fe5e9,ABCD94D12E,2025-01-01 0:00:00,OnboardingDiscount
SMS,685a602fa9cec612342845fg,New User Discount,2025-03-14 0:00:00,Even Triggered,63bd6c64cf4cb7c6aa15c211,ABCDA64412,2025-01-01 0:00:00,OnboardingDiscount
WhatsApp,685a602fa9cec612342845fg,New User Discount,2025-03-02 0:00:00,Even Triggered,63bd70a97380a10996178fce,ABCDC24672,2025-01-01 0:00:00,OnboardingDiscount
Email,685a602fa9cec612342845fg,New User Discount,2025-08-11 0:00:00,Even Triggered,67a06edf7d091f24b622fd46,ABCD2174BA,2025-01-01 0:00:00,OnboardingDiscount
Push,685a602fa9cec612342845fg,New User Discount,2025-03-18 0:00:00,Even Triggered,63bd6fa63f26cc08f4a83de0,ABCD2FF4AA,2025-01-01 0:00:00,OnboardingDiscount
SMS,685a602fa9cec612342845fg,New User Discount,2025-01-26 0:00:00,Even Triggered,67484980e3010a64f8a94a4d,ABCDDE6873,2025-01-01 0:00:00,OnboardingDiscount
WhatsApp,685a602fa9cec612342845fg,New User Discount,2025-11-17 0:00:00,Even Triggered,63bd6abb4160e208cace95c9,ABCDF95132,2025-01-01 0:00:00,OnboardingDiscount
Email,685a602fa9cec612342845fg,New User Discount,2025-09-29 0:00:00,Even Triggered,63bd3cd354674b34ab74522d,ABCD6DD33A,2025-01-01 0:00:00,OnboardingDiscount
Push,685a602fa9cec612342845fg,New User Discount,2025-10-18 0:00:00,Even Triggered,63bd65547380a1097360efb9,ABCDF0903C,2025-01-01 0:00:00,OnboardingDiscount
SMS,685a602fa9cec612342845fg,New User Discount,2025-12-20 0:00:00,Even Triggered,685ac7f6f2590228b501a69c,ABCD2721E4,2025-01-01 0:00:00,OnboardingDiscount
WhatsApp,685a602fa9cec612342845fg,New User Discount,2025-11-14 0:00:00,Even Triggered,63bd73e87380a1544c848119,ABCD0A65E4,2025-01-01 0:00:00,OnboardingDiscount
Email,685a602fa9cec612342845fg,New User Discount,2025-08-08 0:00:00,Even Triggered,63bd7056ec173308c6662d00,ABCD9302A8,2025-01-01 0:00:00,OnboardingDiscount
Push,685a602fa9cec612342845fg,New User Discount,2025-12-19 0:00:00,Even Triggered,63bd71b4ec173308c26a52ea,ABCDB5457E,2025-01-01 0:00:00,OnboardingDiscount
SMS,685a602fa9cec612342845fg,New User Discount,2025-02-12 0:00:00,Even Triggered,63bd71d27380a1096d622bc4,ABCDF21DAC,2025-01-01 0:00:00,OnboardingDiscount
WhatsApp,685a602fa9cec612342845fg,New User Discount,2025-06-30 0:00:00,Even Triggered,63bd6f8a7380a109931760f7,ABCD73EE7D,2025-01-01 0:00:00,OnboardingDiscount
Email,685a602fa9cec612342845fg,New User Discount,2025-03-18 0:00:00,Even Triggered,63bd830b7380a1099caffdef,ABCD30F335,2025-01-01 0:00:00,OnboardingDiscount
Push,685a602fa9cec612342845fg,New User Discount,2025-12-11 0:00:00,Even Triggered,63a44e61b0e1de0ce84a712d,ABCD630AC1,2025-01-01 0:00:00,OnboardingDiscount
SMS,685a602fa9cec612342845fg,New User Discount,2025-01-08 0:00:00,Even Triggered,63bd69f97380a13ed2168e17,ABCD9634D7,2025-01-01 0:00:00,OnboardingDiscount
WhatsApp,685a602fa9cec612342845fg,New User Discount,2025-09-20 0:00:00,Even Triggered,63bd41f4e987c43b94c63d0f,ABCD6BE014,2025-01-01 0:00:00,OnboardingDiscount
Email,685a602fa9cec612342845fg,New User Discount,2025-09-08 0:00:00,Even Triggered,63bd806c7380a13ed217d5c6,ABCD90DAEC,2025-01-01 0:00:00,OnboardingDiscount
Push,685a602fa9cec612342845fg,New User Discount,2025-02-16 0:00:00,Even Triggered,63bd83ac7380a1096d62e45d,ABCD77EA49,2025-01-01 0:00:00,OnboardingDiscount
SMS,685a602fa9cec612342845fg,New User Discount,2025-05-23 0:00:00,Even Triggered,63bd81c33e867c08d80bba28,ABCDB0E5BB,2025-01-01 0:00:00,OnboardingDiscount
WhatsApp,685a602fa9cec612342845fg,New User Discount,2025-01-08 0:00:00,Even Triggered,63bd3d1f466a2747e01c874c,ABCDB180D4,2025-01-01 0:00:00,OnboardingDiscount
Email,685a602fa9cec612342845fg,New User Discount,2025-10-30 0:00:00,Even Triggered,63bd8216ec173308c26acb3a,ABCD9E7C1C,2025-01-01 0:00:00,OnboardingDiscount
Push,685a602fa9cec612342845fg,New User Discount,2025-12-16 0:00:00,Even Triggered,63bd44f15703f93d790c862d,ABCD328663,2025-01-01 0:00:00,OnboardingDiscount
SMS,685a602fa9cec612342845fg,New User Discount,2025-03-12 0:00:00,Even Triggered,63bd69e87380a109a0fd54d1,ABCD352D14,2025-01-01 0:00:00,OnboardingDiscount
WhatsApp,685a602fa9cec612342845fg,New User Discount,2025-12-13 0:00:00,Even Triggered,63bd71197380a109b4fe00bb,ABCDA083B8,2025-01-01 0:00:00,OnboardingDiscount
Email,685a602fa9cec612342845fg,New User Discount,2025-05-19 0:00:00,Even Triggered,63a4513367a4a8537543c083,ABCD079A86,2025-01-01 0:00:00,OnboardingDiscount
Push,685a602fa9cec612342845fg,New User Discount,2025-06-29 0:00:00,Even Triggered,63bd73c17380a1508d61e655,ABCD017563,2025-01-01 0:00:00,OnboardingDiscount
SMS,685a602fa9cec612342845fg,New User Discount,2025-07-14 0:00:00,Even Triggered,63bd740b7380a109b384c943,ABCDB13039,2025-01-01 0:00:00,OnboardingDiscount
WhatsApp,685a602fa9cec612342845fg,New User Discount,2025-11-01 0:00:00,Even Triggered,63bd6e6e27597608c1e84d09,ABCD31BE14,2025-01-01 0:00:00,OnboardingDiscount
Email,685a602fa9cec612342845fg,New User Discount,2025-08-13 0:00:00,Even Triggered,63bd7fbc7380a109b3851fd8,ABCD55D5E2,2025-01-01 0:00:00,OnboardingDiscount
Push,685a602fa9cec612342845fg,New User Discount,2025-07-18 0:00:00,Even Triggered,63a759f19b02a25f96f56429,ABCD0EBF73,2025-01-01 0:00:00,OnboardingDiscount
SMS,685a602fa9cec612342845fg,New User Discount,2025-05-26 0:00:00,Even Triggered,63a1d3c8771d4e09f064c470,ABCD5F4BE1,2025-01-01 0:00:00,OnboardingDiscount
WhatsApp,685a602fa9cec612342845fg,New User Discount,2025-02-07 0:00:00,Even Triggered,63bd7da97380a109b9850c01,ABCDD53413,2025-01-01 0:00:00,OnboardingDiscount
Email,685a602fa9cec612342845fg,New User Discount,2025-09-17 0:00:00,Even Triggered,680a6db0b016051f0cb7fc71,ABCD63C2D8,2025-01-01 0:00:00,OnboardingDiscount
Push,685a602fa9cec612342845fg,New User Discount,2025-04-22 0:00:00,Even Triggered,63bd7f64ec173308d702ea7e,ABCD54DBC4,2025-01-01 0:00:00,OnboardingDiscount
SMS,685a602fa9cec612342845fg,New User Discount,2025-06-26 0:00:00,Even Triggered,63bd67147380a17138adf82b,ABCD72943B,2025-01-01 0:00:00,OnboardingDiscount
WhatsApp,685a602fa9cec612342845fg,New User Discount,2025-05-22 0:00:00,Even Triggered,63bd713c7380a154e784442b,ABCD3A0F97,2025-01-01 0:00:00,OnboardingDiscount
Email,685a602fa9cec612342845fg,New User Discount,2025-11-21 0:00:00,Even Triggered,63bd82e47380a109b4fed203,ABCD61A843,2025-01-01 0:00:00,OnboardingDiscount
Push,685a602fa9cec612342845fg,New User Discount,2025-02-11 0:00:00,Even Triggered,63bd6f7e74193b08e22b8384,ABCDBC08B9,2025-01-01 0:00:00,OnboardingDiscount
SMS,685a602fa9cec612342845fg,New User Discount,2025-11-08 0:00:00,Even Triggered,6835dbd972287c1b4fd9adfa,ABCDC73E73,2025-01-01 0:00:00,OnboardingDiscount
WhatsApp,685a602fa9cec612342845fg,New User Discount,2025-03-15 0:00:00,Even Triggered,63bd69437380a109a3fd49e9,ABCD71F2DC,2025-01-01 0:00:00,OnboardingDiscount
Email,685a602fa9cec612342845fg,New User Discount,2025-06-09 0:00:00,Even Triggered,63bd685f7380a10999fd1f7d,ABCD5E5525,2025-01-01 0:00:00,OnboardingDiscount
Push,685a602fa9cec612342845fg,New User Discount,2025-11-12 0:00:00,Even Triggered,63bd82c57380a17138afa0df,ABCD2E9396,2025-01-01 0:00:00,OnboardingDiscount
SMS,685a602fa9cec612342845fg,New User Discount,2025-10-10 0:00:00,Even Triggered,63bd82237380a1648718011f,ABCD28E37F,2025-01-01 0:00:00,OnboardingDiscount
WhatsApp,685a602fa9cec612342845fg,New User Discount,2025-09-03 0:00:00,Even Triggered,63a1f9fd9b3f3daf5e3cb140,ABCDE3A622,2025-01-01 0:00:00,OnboardingDiscount
Email,685a602fa9cec612342845fg,New User Discount,2025-08-30 0:00:00,Even Triggered,63bd65857380a109b383782f,ABCD0A359D,2025-01-01 0:00:00,OnboardingDiscount
Push,685a602fa9cec612342845fg,New User Discount,2025-01-23 0:00:00,Even Triggered,63bd73b17380a1096d62506e,ABCDAA6762,2025-01-01 0:00:00,OnboardingDiscount
SMS,685a602fa9cec612342845fg,New User Discount,2025-11-16 0:00:00,Even Triggered,63b5d56524bd857607aedd69,ABCDC474ED,2025-01-01 0:00:00,OnboardingDiscount
WhatsApp,685a602fa9cec612342845fg,New User Discount,2025-02-08 0:00:00,Even Triggered,63bd72e9ec173308c3e6b894,ABCDF4153D,2025-01-01 0:00:00,OnboardingDiscount
Email,685a602fa9cec612342845fg,New User Discount,2025-02-16 0:00:00,Even Triggered,64555d1b02279d5834c75f41,ABCDE8CFED,2025-01-01 0:00:00,OnboardingDiscount
Push,685a602fa9cec612342845fg,New User Discount,2025-04-14 0:00:00,Even Triggered,6551a804e75ea223eb1cef3e,ABCD20FD17,2025-01-01 0:00:00,OnboardingDiscount
SMS,685a602fa9cec612342845fg,New User Discount,2025-09-06 0:00:00,Even Triggered,63bd81143e867c08cb6fbc50,ABCD14FDB8,2025-01-01 0:00:00,OnboardingDiscount
WhatsApp,685a602fa9cec612342845fg,New User Discount,2025-09-20 0:00:00,Even Triggered,63bd6c1c30bbd408c7b17063,ABCD6B315D,2025-01-01 0:00:00,OnboardingDiscount
Email,685a602fa9cec612342845fg,New User Discount,2025-11-16 0:00:00,Even Triggered,63bd6b457380a10971617c34,ABCD772573,2025-01-01 0:00:00,OnboardingDiscount
Push,685a602fa9cec612342845fg,New User Discount,2025-12-26 0:00:00,Even Triggered,63bd81b87380a13a9784cbc9,ABCD457F72,2025-01-01 0:00:00,OnboardingDiscount
SMS,685a602fa9cec612342845fg,New User Discount,2025-09-09 0:00:00,Even Triggered,63bd6a087380a1099cae8c0e,ABCDBE29D8,2025-01-01 0:00:00,OnboardingDiscount
WhatsApp,685a602fa9cec612342845fg,New User Discount,2025-01-13 0:00:00,Even Triggered,63bd81b67380a109b4febbc4,ABCD31F1EF,2025-01-01 0:00:00,OnboardingDiscount
Email,685a602fa9cec612342845fg,New User Discount,2025-11-26 0:00:00,Even Triggered,63bd5d70384d5c37738e62a9,ABCD77DA9B,2025-01-01 0:00:00,OnboardingDiscount
Push,685a602fa9cec612342845fg,New User Discount,2025-04-12 0:00:00,Even Triggered,63bd6dbb7380a1508d615cff,ABCD3CB051,2025-01-01 0:00:00,OnboardingDiscount
SMS,685a602fa9cec612342845fg,New User Discount,2025-05-18 0:00:00,Even Triggered,63bd81eaec173308c3e72068,ABCD461265,2025-01-01 0:00:00,OnboardingDiscount
WhatsApp,685a602fa9cec612342845fg,New User Discount,2025-09-10 0:00:00,Even Triggered,63bd71c1ec173308d666ada7,ABCDB1AB61,2025-01-01 0:00:00,OnboardingDiscount
Email,685a602fa9cec612342845fg,New User Discount,2025-11-15 0:00:00,Even Triggered,63bd6d0a7380a1648716dd70,ABCD17F9EC,2025-01-01 0:00:00,OnboardingDiscount
Push,685a602fa9cec612342845fg,New User Discount,2025-04-04 0:00:00,Even Triggered,63bd3ec954674b34ab74581b,ABCD4050EE,2025-01-01 0:00:00,OnboardingDiscount
SMS,685a602fa9cec612342845fg,New User Discount,2025-12-24 0:00:00,Even Triggered,63bd74917380a109b384d0e3,ABCDA6FF3E,2025-01-01 0:00:00,OnboardingDiscount
WhatsApp,685a602fa9cec612342845fg,New User Discount,2025-06-28 0:00:00,Even Triggered,63bd710c74193b08d206e5ce,ABCDA7F16D,2025-01-01 0:00:00,OnboardingDiscount
Email,685a602fa9cec612342845fg,New User Discount,2025-10-28 0:00:00,Even Triggered,63bc52f3e803efede09b7367,ABCDBDC6B4,2025-01-01 0:00:00,OnboardingDiscount
Push,685a602fa9cec612342845fg,New User Discount,2025-12-08 0:00:00,Even Triggered,63bd765cec173308d666da5a,ABCD6F5713,2025-01-01 0:00:00,OnboardingDiscount
SMS,685a602fa9cec612342845fg,New User Discount,2025-05-10 0:00:00,Even Triggered,63bd70c37380a1097161fae4,ABCD9D0EB4,2025-01-01 0:00:00,OnboardingDiscount
WhatsApp,685a602fa9cec612342845fg,New User Discount,2025-07-06 0:00:00,Even Triggered,63bd70847380a1097761f714,ABCDB34DEE,2025-01-01 0:00:00,OnboardingDiscount
Email,685a602fa9cec612342845fg,New User Discount,2025-10-13 0:00:00,Even Triggered,63bd650540afe696b48a5f52,ABCDF467BD,2025-01-01 0:00:00,OnboardingDiscount
Push,685a602fa9cec612342845fg,New User Discount,2025-08-14 0:00:00,Even Triggered,63bd7f4e7380a17e42fe3478,ABCD006303,2025-01-01 0:00:00,OnboardingDiscount
SMS,685a602fa9cec612342845fg,New User Discount,2025-02-05 0:00:00,Even Triggered,63bd71937380a109b984a1d7,ABCD65858E,2025-01-01 0:00:00,OnboardingDiscount
WhatsApp,685a602fa9cec612342845fg,New User Discount,2025-01-27 0:00:00,Even Triggered,63bd6a267380a109b2ae9704,ABCD3F2105,2025-01-01 0:00:00,OnboardingDiscount
Email,685a602fa9cec612342845fg,New User Discount,2025-03-19 0:00:00,Even Triggered,652ba4b5c36bfdef3b3eccf8,ABCD17A2D2,2025-01-01 0:00:00,OnboardingDiscount
Push,685a602fa9cec612342845fg,New User Discount,2025-11-10 0:00:00,Even Triggered,63bd661d7380a10999fceecd,ABCD82A0B6,2025-01-01 0:00:00,OnboardingDiscount
SMS,685a602fa9cec612342845fg,New User Discount,2025-09-30 0:00:00,Even Triggered,63bd71cc74193b08cf0f5550,ABCD77E913,2025-01-01 0:00:00,OnboardingDiscount
WhatsApp,685a602fa9cec612342845fg,New User Discount,2025-01-23 0:00:00,Even Triggered,63a428394a583fac5c26e8b5,ABCD6709E8,2025-01-01 0:00:00,OnboardingDiscount
Email,685a602fa9cec612342845fg,New User Discount,2025-09-02 0:00:00,Even Triggered,63bd75c8ec173308d666d288,ABCD1FE46C,2025-01-01 0:00:00,OnboardingDiscount
Push,685a602fa9cec612342845fg,New User Discount,2025-09-23 0:00:00,Even Triggered,63bd6ec94160e208c2be3509,ABCD0A45D8,2025-01-01 0:00:00,OnboardingDiscount
SMS,685a602fa9cec612342845fg,New User Discount,2025-03-14 0:00:00,Even Triggered,63bd74947380a109b4fe4790,ABCDCC2B7F,2025-01-01 0:00:00,OnboardingDiscount
WhatsApp,685a602fa9cec612342845fg,New User Discount,2025-12-10 0:00:00,Even Triggered,63a3d326491909db2b5216f6,ABCD9BA1DC,2025-01-01 0:00:00,OnboardingDiscount
Email,685a602fa9cec612342845fg,New User Discount,2025-06-11 0:00:00,Even Triggered,63bd75453f26cc08d1abd877,ABCD87BBFC,2025-01-01 0:00:00,OnboardingDiscount
Push,685a602fa9cec612342845fg,New User Discount,2025-03-09 0:00:00,Even Triggered,685970a3e872066b4d3be943,ABCD8AE3E8,2025-01-01 0:00:00,OnboardingDiscount
SMS,685a602fa9cec612342845fg,New User Discount,2025-05-12 0:00:00,Even Triggered,63bd73237380a154e78467ea,ABCDA512C3,2025-01-01 0:00:00,OnboardingDiscount
WhatsApp,685a602fa9cec612342845fg,New User Discount,2025-05-15 0:00:00,Even Triggered,63bd7348ec173308c666548e,ABCDC792EC,2025-01-01 0:00:00,OnboardingDiscount
Email,685a602fa9cec612342845fg,New User Discount,2025-08-18 0:00:00,Even Triggered,63bd70ae7380a109b9848c0c,ABCDDE706E,2025-01-01 0:00:00,OnboardingDiscount
Push,685a602fa9cec612342845fg,New User Discount,2025-11-07 0:00:00,Even Triggered,63bd7ed17380a1096d629f49,ABCD93C9B6,2025-01-01 0:00:00,OnboardingDiscount
SMS,685a602fa9cec612342845fg,New User Discount,2025-09-10 0:00:00,Even Triggered,6435b7d03c53808e3abc4933,ABCD66663F,2025-01-01 0:00:00,OnboardingDiscount
WhatsApp,685a602fa9cec612342845fg,New User Discount,2025-11-08 0:00:00,Even Triggered,63bd682a7380a1099cae6774,ABCD1EE8DA,2025-01-01 0:00:00,OnboardingDiscount
Email,685a602fa9cec612342845fg,New User Discount,2025-12-01 0:00:00,Even Triggered,63bd52dfe6ee260732947a6b,ABCD3B877A,2025-01-01 0:00:00,OnboardingDiscount
Push,685a602fa9cec612342845fg,New User Discount,2025-04-09 0:00:00,Even Triggered,63bd6f4e7380a1097761da28,ABCD9E196A,2025-01-01 0:00:00,OnboardingDiscount
SMS,685a602fa9cec612342845fg,New User Discount,2025-07-01 0:00:00,Even Triggered,63bd6a297380a16487169ac9,ABCD22CD57,2025-01-01 0:00:00,OnboardingDiscount
WhatsApp,685a602fa9cec612342845fg,New User Discount,2025-05-11 0:00:00,Even Triggered,65778c4440d2ee461d3fb704,ABCD58BD40,2025-01-01 0:00:00,OnboardingDiscount
Email,685a602fa9cec612342845fg,New User Discount,2025-03-10 0:00:00,Even Triggered,63bd7f8f3f26cc08e8db536b,ABCDDE2B5D,2025-01-01 0:00:00,OnboardingDiscount
Push,685a602fa9cec612342845fg,New User Discount,2025-01-29 0:00:00,Even Triggered,6589ca84ae218cc308725a6b,ABCD0FC03E,2025-01-01 0:00:00,OnboardingDiscount
SMS,685a602fa9cec612342845fg,New User Discount,2025-10-08 0:00:00,Even Triggered,63bd82797380a154e784f3ae,ABCDBA1330,2025-01-01 0:00:00,OnboardingDiscount
WhatsApp,685a602fa9cec612342845fg,New User Discount,2025-02-09 0:00:00,Even Triggered,63a0d61b7618e4c78cc58c08,ABCD0C4324,2025-01-01 0:00:00,OnboardingDiscount
Email,685a602fa9cec612342845fg,New User Discount,2025-04-27 0:00:00,Even Triggered,63bd6f8b7380a1508d618ded,ABCD66E5D0,2025-01-01 0:00:00,OnboardingDiscount
Push,685a602fa9cec612342845fg,New User Discount,2025-02-21 0:00:00,Even Triggered,63bd6f257380a109a0fdceae,ABCD9616FE,2025-01-01 0:00:00,OnboardingDiscount
SMS,685a602fa9cec612342845fg,New User Discount,2025-11-29 0:00:00,Even Triggered,65b5398662e932f5c55e59bc,ABCD90C288,2025-01-01 0:00:00,OnboardingDiscount
WhatsApp,685a602fa9cec612342845fg,New User Discount,2025-01-26 0:00:00,Even Triggered,63bd6a737380a109b6ae9c10,ABCDAA8BFF,2025-01-01 0:00:00,OnboardingDiscount
Email,685a602fa9cec612342845fg,New User Discount,2025-09-07 0:00:00,Even Triggered,63bd83d874193b08e22c1e71,ABCD05764F,2025-01-01 0:00:00,OnboardingDiscount
Push,685a602fa9cec612342845fg,New User Discount,2025-10-22 0:00:00,Even Triggered,63bd6fc57380a13557171ff6,ABCD9D9F21,2025-01-01 0:00:00,OnboardingDiscount
SMS,685a602fa9cec612342845fg,New User Discount,2025-12-05 0:00:00,Even Triggered,66636fb17135f650119bf684,ABCDAC47DE,2025-01-01 0:00:00,OnboardingDiscount
WhatsApp,685a602fa9cec612342845fg,New User Discount,2025-10-22 0:00:00,Even Triggered,63a8c8c1805d9a4100d67dea,ABCDFB7969,2025-01-01 0:00:00,OnboardingDiscount
Email,685a602fa9cec612342845fg,New User Discount,2025-05-09 0:00:00,Even Triggered,63bd82477380a109a0feabe5,ABCDF04C47,2025-01-01 0:00:00,OnboardingDiscount
Push,685a602fa9cec612342845fg,New User Discount,2025-12-17 0:00:00,Even Triggered,63bd83597380a10999feb4d2,ABCDAD860E,2025-01-01 0:00:00,OnboardingDiscount
SMS,685a602fa9cec612342845fg,New User Discount,2025-06-21 0:00:00,Even Triggered,63bd64fe7380a1508d608ad8,ABCD812E28,2025-01-01 0:00:00,OnboardingDiscount
WhatsApp,685a602fa9cec612342845fg,New User Discount,2025-05-29 0:00:00,Even Triggered,63bd6fd77380a13a978403e0,ABCD5770AF,2025-01-01 0:00:00,OnboardingDiscount
Email,685a602fa9cec612342845fg,New User Discount,2025-07-11 0:00:00,Even Triggered,67e5051d3f4c8073fcf2a8f3,ABCDBC8CD9,2025-01-01 0:00:00,OnboardingDiscount
Push,685a602fa9cec612342845fg,New User Discount,2025-05-08 0:00:00,Even Triggered,63bd736b74193b08d0617625,ABCDE60F65,2025-01-01 0:00:00,OnboardingDiscount
SMS,685a602fa9cec612342845fg,New User Discount,2025-09-27 0:00:00,Even Triggered,63bd69e87380a13a97838196,ABCD4698CE,2025-01-01 0:00:00,OnboardingDiscount
WhatsApp,685a602fa9cec612342845fg,New User Discount,2025-03-14 0:00:00,Even Triggered,63bd6af24160e208d85053f1,ABCDF1E363,2025-01-01 0:00:00,OnboardingDiscount
Email,685a602fa9cec612342845fg,New User Discount,2025-07-08 0:00:00,Even Triggered,63a9508049a68bc56f4e5f92,ABCD996559,2025-01-01 0:00:00,OnboardingDiscount
Push,685a602fa9cec612342845fg,New User Discount,2025-02-05 0:00:00,Even Triggered,63bd69807380a16487168d16,ABCD7AC9BE,2025-01-01 0:00:00,OnboardingDiscount
SMS,685a602fa9cec612342845fg,New User Discount,2025-05-13 0:00:00,Even Triggered,63bd6c78ea1f962933dd4c25,ABCDF34CB3,2025-01-01 0:00:00,OnboardingDiscount
WhatsApp,685a602fa9cec612342845fg,New User Discount,2025-11-02 0:00:00,Even Triggered,63bd67a87380a17138ae0989,ABCDB3DF7B,2025-01-01 0:00:00,OnboardingDiscount
Email,685a602fa9cec612342845fg,New User Discount,2025-06-02 0:00:00,Even Triggered,63bd67697380a1096d612df4,ABCD8D17A9,2025-01-01 0:00:00,OnboardingDiscount
Push,685a602fa9cec612342845fg,New User Discount,2025-11-23 0:00:00,Even Triggered,63bd71db7380a109a0fe0f7c,ABCD891565,2025-01-01 0:00:00,OnboardingDiscount
SMS,685a602fa9cec612342845fg,New User Discount,2025-04-05 0:00:00,Even Triggered,63bd64737380a109a3fcd641,ABCD93252A,2025-01-01 0:00:00,OnboardingDiscount
WhatsApp,685a602fa9cec612342845fg,New User Discount,2025-02-11 0:00:00,Even Triggered,63bd6bcd7380a109b4fd7833,ABCD152D08,2025-01-01 0:00:00,OnboardingDiscount
Email,685a602fa9cec612342845fg,New User Discount,2025-09-07 0:00:00,Even Triggered,63bd73417380a17e42fdd611,ABCDA34110,2025-01-01 0:00:00,OnboardingDiscount
Push,685a602fa9cec612342845fg,New User Discount,2025-07-28 0:00:00,Even Triggered,63bd872174193b08e22c2cac,ABCD2C7113,2025-01-01 0:00:00,OnboardingDiscount
SMS,685a602fa9cec612342845fg,New User Discount,2025-12-06 0:00:00,Even Triggered,63bd66a77380a109b6ae43d9,ABCDAFE124,2025-01-01 0:00:00,OnboardingDiscount
WhatsApp,685a602fa9cec612342845fg,New User Discount,2025-08-05 0:00:00,Even Triggered,63bd6ba27380a109b2aeba5a,ABCDE8181B,2025-01-01 0:00:00,OnboardingDiscount
Email,685a602fa9cec612342845fg,New User Discount,2025-01-14 0:00:00,Even Triggered,63bd71047380a17138aedd52,ABCD6E564F,2025-01-01 0:00:00,OnboardingDiscount
Push,685a602fa9cec612342845fg,New User Discount,2025-03-20 0:00:00,Even Triggered,63bd3edb370721effc12834e,ABCDF6CA23,2025-01-01 0:00:00,OnboardingDiscount
SMS,685a602fa9cec612342845fg,New User Discount,2025-11-10 0:00:00,Even Triggered,6487a68e1b346087e9917003,ABCDE13786,2025-01-01 0:00:00,OnboardingDiscount
WhatsApp,685a602fa9cec612342845fg,New User Discount,2025-09-06 0:00:00,Even Triggered,63bd6e6f7380a109a3fdcddc,ABCD929D56,2025-01-01 0:00:00,OnboardingDiscount
Email,685a602fa9cec612342845fg,New User Discount,2025-06-27 0:00:00,Even Triggered,63bd83e27380a109b6b00e3c,ABCD0A91E8,2025-01-01 0:00:00,OnboardingDiscount
Push,685a602fa9cec612342845fg,New User Discount,2025-12-13 0:00:00,Even Triggered,63a179a83a365b1bd3c3b80d,ABCDD3324E,2025-01-01 0:00:00,OnboardingDiscount
SMS,685a602fa9cec612342845fg,New User Discount,2025-06-11 0:00:00,Even Triggered,63bd729b7380a1097162206e,ABCDB49D35,2025-01-01 0:00:00,OnboardingDiscount
WhatsApp,685a602fa9cec612342845fg,New User Discount,2025-04-25 0:00:00,Even Triggered,63a0b2280756ee55910803b8,ABCDA5B49E,2025-01-01 0:00:00,OnboardingDiscount
Email,685a602fa9cec612342845fg,New User Discount,2025-09-18 0:00:00,Even Triggered,63a5c92757a2fa4b7955af28,ABCDC5E0F0,2025-01-01 0:00:00,OnboardingDiscount
Push,685a602fa9cec612342845fg,New User Discount,2025-10-27 0:00:00,Even Triggered,63bd7e5a7380a10999fe6dea,ABCD512EDD,2025-01-01 0:00:00,OnboardingDiscount
SMS,685a602fa9cec612342845fg,New User Discount,2025-05-12 0:00:00,Even Triggered,63bd7e833f26cc08d63a0c8a,ABCD047888,2025-01-01 0:00:00,OnboardingDiscount
WhatsApp,685a602fa9cec612342845fg,New User Discount,2025-11-13 0:00:00,Even Triggered,63bd64687380a1508d6081b4,ABCD4B63F3,2025-01-01 0:00:00,OnboardingDiscount
Email,685a602fa9cec612342845fg,New User Discount,2025-10-20 0:00:00,Even Triggered,63bd69897380a109716152f1,ABCD85F703,2025-01-01 0:00:00,OnboardingDiscount
Push,685a602fa9cec612342845fg,New User Discount,2025-12-23 0:00:00,Even Triggered,63bd415be987c43b94c63b5d,ABCDF6AE55,2025-01-01 0:00:00,OnboardingDiscount
SMS,685a602fa9cec612342845fg,New User Discount,2025-06-07 0:00:00,Even Triggered,63abe36a0f86c97729ab332b,ABCD68F350,2025-01-01 0:00:00,OnboardingDiscount
WhatsApp,685a602fa9cec612342845fg,New User Discount,2025-02-22 0:00:00,Even Triggered,64e24f65f8220ba13c061274,ABCD244E6D,2025-01-01 0:00:00,OnboardingDiscount
Email,685a602fa9cec612342845fg,New User Discount,2025-01-29 0:00:00,Even Triggered,63bd7d7f3f26cc08e8db390c,ABCDE3CE7D,2025-01-01 0:00:00,OnboardingDiscount
Push,685a602fa9cec612342845fg,New User Discount,2025-06-16 0:00:00,Even Triggered,63bd6b347380a1099316f332,ABCD4D4DF4,2025-01-01 0:00:00,OnboardingDiscount
SMS,685a602fa9cec612342845fg,New User Discount,2025-10-03 0:00:00,Even Triggered,63bd73697380a109a0fe3189,ABCDC5C09E,2025-01-01 0:00:00,OnboardingDiscount
WhatsApp,685a602fa9cec612342845fg,New User Discount,2025-07-19 0:00:00,Even Triggered,68597b9c5de3a93f5236408c,ABCD5DC9A0,2025-01-01 0:00:00,OnboardingDiscount
Email,685a602fa9cec612342845fg,New User Discount,2025-10-31 0:00:00,Even Triggered,67801639e3201c10f387952d,ABCDCBACA5,2025-01-01 0:00:00,OnboardingDiscount
Push,685a602fa9cec612342845fg,New User Discount,2025-07-01 0:00:00,Even Triggered,63bd71523f26cc08da610058,ABCD7768B9,2025-01-01 0:00:00,OnboardingDiscount
SMS,685a602fa9cec612342845fg,New User Discount,2025-05-20 0:00:00,Even Triggered,63bd67927380a109b6ae5935,ABCD80AE81,2025-01-01 0:00:00,OnboardingDiscount
WhatsApp,685a602fa9cec612342845fg,New User Discount,2025-10-03 0:00:00,Even Triggered,63bd716b7380a10977620b1d,ABCDEBB479,2025-01-01 0:00:00,OnboardingDiscount
Email,685a602fa9cec612342845fg,New User Discount,2025-10-16 0:00:00,Even Triggered,63bd6c297380a1508d6130c7,ABCD650316,2025-01-01 0:00:00,OnboardingDiscount
Push,685a602fa9cec612342845fg,New User Discount,2025-02-24 0:00:00,Even Triggered,63bd83b47380a1097162cef5,ABCDBD2326,2025-01-01 0:00:00,OnboardingDiscount
SMS,685a602fa9cec612342845fg,New User Discount,2025-11-22 0:00:00,Even Triggered,63bd6ee07380a13ed217158e,ABCDC6F288,2025-01-01 0:00:00,OnboardingDiscount
WhatsApp,685a602fa9cec612342845fg,New User Discount,2025-01-30 0:00:00,Even Triggered,63bd815b74193b08d061cbcf,ABCDF348C0,2025-01-01 0:00:00,OnboardingDiscount
Email,685a602fa9cec612342845fg,New User Discount,2025-07-30 0:00:00,Even Triggered,63bd65587380a10999fcda9d,ABCD399D57,2025-01-01 0:00:00,OnboardingDiscount
Push,685a602fa9cec612342845fg,New User Discount,2025-06-22 0:00:00,Even Triggered,63af524d404ffb7f60fe8d19,ABCD8AA12F,2025-01-01 0:00:00,OnboardingDiscount
SMS,685a602fa9cec612342845fg,New User Discount,2025-11-15 0:00:00,Even Triggered,63bd4059d29cbcb599974676,ABCDEA9521,2025-01-01 0:00:00,OnboardingDiscount
WhatsApp,685a602fa9cec612342845fg,New User Discount,2025-10-31 0:00:00,Even Triggered,63bd71057380a16487173cc4,ABCDC3AAC7,2025-01-01 0:00:00,OnboardingDiscount
Email,685a602fa9cec612342845fg,New User Discount,2025-09-29 0:00:00,Even Triggered,63bd6cc47380a109b2aedb2a,ABCDE443F3,2025-01-01 0:00:00,OnboardingDiscount
Push,685a602fa9cec612342845fg,New User Discount,2025-03-17 0:00:00,Even Triggered,63bd70157380a16487172af2,ABCD77F8C2,2025-01-01 0:00:00,OnboardingDiscount
SMS,685a602fa9cec612342845fg,New User Discount,2025-11-28 0:00:00,Even Triggered,63bd86ec74193b08d062036d,ABCDCCBBC8,2025-01-01 0:00:00,OnboardingDiscount
WhatsApp,685a602fa9cec612342845fg,New User Discount,2025-09-06 0:00:00,Even Triggered,63bd82a57380a1097362d634,ABCD89A6FE,2025-01-01 0:00:00,OnboardingDiscount
Email,685a602fa9cec612342845fg,New User Discount,2025-09-09 0:00:00,Even Triggered,63bd621b40afe696b48a5722,ABCD7DCB32,2025-01-01 0:00:00,OnboardingDiscount
Push,685a602fa9cec612342845fg,New User Discount,2025-02-21 0:00:00,Even Triggered,63bd732074193b08d1c8bfd5,ABCD45C72B,2025-01-01 0:00:00,OnboardingDiscount
SMS,685a602fa9cec612342845fg,New User Discount,2025-07-05 0:00:00,Even Triggered,63bd70d87380a1508d61aa68,ABCDD5CC1E,2025-01-01 0:00:00,OnboardingDiscount
WhatsApp,685a602fa9cec612342845fg,New User Discount,2025-11-29 0:00:00,Even Triggered,63bd82617380a13ed217f224,ABCDC029BB,2025-01-01 0:00:00,OnboardingDiscount
Email,685a602fa9cec612342845fg,New User Discount,2025-05-25 0:00:00,Even Triggered,63bd64a67380a1096d60e705,ABCDC9216C,2025-01-01 0:00:00,OnboardingDiscount
Push,685a602fa9cec612342845fg,New User Discount,2025-11-09 0:00:00,Even Triggered,63bd6f677380a1544c841f37,ABCDB18A87,2025-01-01 0:00:00,OnboardingDiscount
SMS,685a602fa9cec612342845fg,New User Discount,2025-04-26 0:00:00,Even Triggered,63bd5f3440afe696b48a4ec8,ABCDC162C3,2025-01-01 0:00:00,OnboardingDiscount
WhatsApp,685a602fa9cec612342845fg,New User Discount,2025-01-05 0:00:00,Even Triggered,63a37c463108f365fd6ffc33,ABCD3E69D1,2025-01-01 0:00:00,OnboardingDiscount
Email,685a602fa9cec612342845fg,New User Discount,2025-12-30 0:00:00,Even Triggered,63bd6cdd7380a10999fd8543,ABCDA7BEFE,2025-01-01 0:00:00,OnboardingDiscount
Push,685a602fa9cec612342845fg,New User Discount,2025-08-12 0:00:00,Even Triggered,63bd732274193b08d1c8c09f,ABCDA68FBE,2025-01-01 0:00:00,OnboardingDiscount
SMS,685a602fa9cec612342845fg,New User Discount,2025-03-18 0:00:00,Even Triggered,63bd7d913f26cc08f4a89963,ABCD3D28BE,2025-01-01 0:00:00,OnboardingDiscount
WhatsApp,685a602fa9cec612342845fg,New User Discount,2025-09-07 0:00:00,Even Triggered,65a5325419e7b8f6af0f0abf,ABCDC828E8,2025-01-01 0:00:00,OnboardingDiscount
Email,685a602fa9cec612342845fg,New User Discount,2025-02-11 0:00:00,Even Triggered,63bd6d5b27597608c1e83452,ABCD69C85A,2025-01-01 0:00:00,OnboardingDiscount
Push,685a602fa9cec612342845fg,New User Discount,2025-06-14 0:00:00,Even Triggered,63d7bf411bcd16c8b110915b,ABCD1D5C69,2025-01-01 0:00:00,OnboardingDiscount
SMS,685a602fa9cec612342845fg,New User Discount,2025-12-13 0:00:00,Even Triggered,63bd4e53a9fe5c24d78e0caf,ABCDC7CEB8,2025-01-01 0:00:00,OnboardingDiscount
WhatsApp,685a602fa9cec612342845fg,New User Discount,2025-10-15 0:00:00,Even Triggered,655288b057a936e344a0c33c,ABCD9E97F2,2025-01-01 0:00:00,OnboardingDiscount
Email,685a602fa9cec612342845fg,New User Discount,2025-03-23 0:00:00,Even Triggered,63bd74677380a109b384ce8c,ABCDE3085A,2025-01-01 0:00:00,OnboardingDiscount
Push,685a602fa9cec612342845fg,New User Discount,2025-06-23 0:00:00,Even Triggered,63bd73417380a109a0fe2cd2,ABCD5B0B22,2025-01-01 0:00:00,OnboardingDiscount
SMS,685a602fa9cec612342845fg,New User Discount,2025-09-20 0:00:00,Even Triggered,63a5d68bd6fe14234fdf7388,ABCDB8735C,2025-01-01 0:00:00,OnboardingDiscount
WhatsApp,685a602fa9cec612342845fg,New User Discount,2025-02-18 0:00:00,Even Triggered,63bd6abb7380a109bbaea31d,ABCDD7E24E,2025-01-01 0:00:00,OnboardingDiscount
Email,685a602fa9cec612342845fg,New User Discount,2025-09-12 0:00:00,Even Triggered,63bd83173e867c08c795e0d1,ABCDCB7EFA,2025-01-01 0:00:00,OnboardingDiscount
Push,685a602fa9cec612342845fg,New User Discount,2025-05-29 0:00:00,Even Triggered,63bd82ec3e867c08cb6fd2bf,ABCD9E13D3,2025-01-01 0:00:00,OnboardingDiscount
SMS,685a602fa9cec612342845fg,New User Discount,2025-04-11 0:00:00,Even Triggered,64a86ecca6bdb04c1720f3f7,ABCDE66AF4,2025-01-01 0:00:00,OnboardingDiscount
WhatsApp,685a602fa9cec612342845fg,New User Discount,2025-05-04 0:00:00,Even Triggered,63a07a2f9a5575ec71b067c0,ABCD6E94D1,2025-01-01 0:00:00,OnboardingDiscount
Email,685a602fa9cec612342845fg,New User Discount,2025-08-24 0:00:00,Even Triggered,63bd552340afe696b48a3234,ABCD707E34,2025-01-01 0:00:00,OnboardingDiscount
Push,685a602fa9cec612342845fg,New User Discount,2025-03-07 0:00:00,Even Triggered,63bd86ec7380a13ed2181a32,ABCDCB84DB,2025-01-01 0:00:00,OnboardingDiscount
SMS,685a602fa9cec612342845fg,New User Discount,2025-05-11 0:00:00,Even Triggered,63bd73cd3f26cc08d2dfc811,ABCD7F8019,2025-01-01 0:00:00,OnboardingDiscount
WhatsApp,685a602fa9cec612342845fg,New User Discount,2025-02-07 0:00:00,Even Triggered,63bd6aa17380a17138ae4800,ABCD1BC5A3,2025-01-01 0:00:00,OnboardingDiscount
Email,685a602fa9cec612342845fg,New User Discount,2025-06-15 0:00:00,Even Triggered,63a55a4ff3b9c5154e6975a6,ABCD6048D3,2025-01-01 0:00:00,OnboardingDiscount
Push,685a602fa9cec612342845fg,New User Discount,2025-04-24 0:00:00,Even Triggered,63bd811e74193b08ddc4d0ef,ABCD9B0125,2025-01-01 0:00:00,OnboardingDiscount
SMS,685a602fa9cec612342845fg,New User Discount,2025-09-20 0:00:00,Even Triggered,63bd70f47380a16487173b82,ABCDC6B156,2025-01-01 0:00:00,OnboardingDiscount
WhatsApp,685a602fa9cec612342845fg,New User Discount,2025-05-31 0:00:00,Even Triggered,63bd68547380a1096d614b56,ABCDBBC30A,2025-01-01 0:00:00,OnboardingDiscount
Email,685a602fa9cec612342845fg,New User Discount,2025-09-28 0:00:00,Even Triggered,63bd69f57380a109a3fd58bb,ABCD8D8F69,2025-01-01 0:00:00,OnboardingDiscount
Push,685a602fa9cec612342845fg,New User Discount,2025-04-12 0:00:00,Even Triggered,63bd71e97380a109b3849f37,ABCD7644EE,2025-01-01 0:00:00,OnboardingDiscount
SMS,685a602fa9cec612342845fg,New User Discount,2025-06-04 0:00:00,Even Triggered,63bd870d74193b08ce96e5b5,ABCD40D1A9,2025-01-01 0:00:00,OnboardingDiscount
WhatsApp,685a602fa9cec612342845fg,New User Discount,2025-03-06 0:00:00,Even Triggered,63bd7dd974193b08ddc49b81,ABCDE70A89,2025-01-01 0:00:00,OnboardingDiscount
Email,685a602fa9cec612342845fg,New User Discount,2025-06-18 0:00:00,Even Triggered,63bd72693f26cc08deefabec,ABCD3B9972,2025-01-01 0:00:00,OnboardingDiscount
Push,685a602fa9cec612342845fg,New User Discount,2025-11-12 0:00:00,Even Triggered,63bd6a7d7380a1508d6105b0,ABCD1A9C02,2025-01-01 0:00:00,OnboardingDiscount
SMS,685a602fa9cec612342845fg,New User Discount,2025-01-02 0:00:00,Even Triggered,652d934019ded4f4e5bb1a8c,ABCD2D5E34,2025-01-01 0:00:00,OnboardingDiscount
WhatsApp,685a602fa9cec612342845fg,New User Discount,2025-08-28 0:00:00,Even Triggered,63a2e478c464302cc4591f3d,ABCD2308C9,2025-01-01 0:00:00,OnboardingDiscount
Email,685a602fa9cec612342845fg,New User Discount,2025-01-25 0:00:00,Even Triggered,63bd6d1627597608c1e82e52,ABCD7C42A0,2025-01-01 0:00:00,OnboardingDiscount
Push,685a602fa9cec612342845fg,New User Discount,2025-10-23 0:00:00,Even Triggered,63bd670f7380a1096d612602,ABCDFAA548,2025-01-01 0:00:00,OnboardingDiscount
SMS,685a602fa9cec612342845fg,New User Discount,2025-10-06 0:00:00,Even Triggered,63bd80dd7380a1355717ebd3,ABCD9BFB7F,2025-01-01 0:00:00,OnboardingDiscount
WhatsApp,685a602fa9cec612342845fg,New User Discount,2025-12-21 0:00:00,Even Triggered,63bd713e7380a109b2af5325,ABCD8812AD,2025-01-01 0:00:00,OnboardingDiscount
Email,685a602fa9cec612342845fg,New User Discount,2025-12-13 0:00:00,Even Triggered,63bd5be3370721effc12d49d,ABCDEF23FA,2025-01-01 0:00:00,OnboardingDiscount
Push,685a602fa9cec612342845fg,New User Discount,2025-08-06 0:00:00,Even Triggered,63bd68a17380a109b383c762,ABCD728486,2025-01-01 0:00:00,OnboardingDiscount
SMS,685a602fa9cec612342845fg,New User Discount,2025-09-03 0:00:00,Even Triggered,63bd73757380a109b2af8396,ABCDFDA20F,2025-01-01 0:00:00,OnboardingDiscount
WhatsApp,685a602fa9cec612342845fg,New User Discount,2025-07-23 0:00:00,Even Triggered,63bd6c6c4160e208caceb333,ABCD525CC3,2025-01-01 0:00:00,OnboardingDiscount
Email,685a602fa9cec612342845fg,New User Discount,2025-11-27 0:00:00,Even Triggered,63a144db36289598a5b0f35c,ABCDDA9AAD,2025-01-01 0:00:00,OnboardingDiscount
Push,685a602fa9cec612342845fg,New User Discount,2025-05-22 0:00:00,Even Triggered,63a22ce7771d4e09f06541f0,ABCD505D4D,2025-01-01 0:00:00,OnboardingDiscount
SMS,685a602fa9cec612342845fg,New User Discount,2025-05-19 0:00:00,Even Triggered,63bd6af64160e208c57d4049,ABCD08811F,2025-01-01 0:00:00,OnboardingDiscount
WhatsApp,685a602fa9cec612342845fg,New User Discount,2025-03-19 0:00:00,Even Triggered,63bd6e3127597608c1e84675,ABCD013B16,2025-01-01 0:00:00,OnboardingDiscount
Email,685a602fa9cec612342845fg,New User Discount,2025-12-02 0:00:00,Even Triggered,63bd6d3f7380a13a9783cb73,ABCD0E4EB6,2025-01-01 0:00:00,OnboardingDiscount
Push,685a602fa9cec612342845fg,New User Discount,2025-07-06 0:00:00,Even Triggered,63bd5dd140afe696b48a4ada,ABCD524BD9,2025-01-01 0:00:00,OnboardingDiscount
SMS,685a602fa9cec612342845fg,New User Discount,2025-04-20 0:00:00,Even Triggered,63bd6f117380a17e42fd7086,ABCDC641A4,2025-01-01 0:00:00,OnboardingDiscount
WhatsApp,685a602fa9cec612342845fg,New User Discount,2025-10-22 0:00:00,Even Triggered,63bd70c57380a10973620449,ABCD013B9A,2025-01-01 0:00:00,OnboardingDiscount
Email,685a602fa9cec612342845fg,New User Discount,2025-06-18 0:00:00,Even Triggered,63bd6a397380a10999fd4466,ABCD7E04AD,2025-01-01 0:00:00,OnboardingDiscount
Push,685a602fa9cec612342845fg,New User Discount,2025-10-07 0:00:00,Even Triggered,63bd689e7380a1099316c50e,ABCD52AE5D,2025-01-01 0:00:00,OnboardingDiscount
SMS,685a602fa9cec612342845fg,New User Discount,2025-02-25 0:00:00,Even Triggered,63bd6b8b7380a109776176b0,ABCDB18391,2025-01-01 0:00:00,OnboardingDiscount
WhatsApp,685a602fa9cec612342845fg,New User Discount,2025-03-16 0:00:00,Even Triggered,63ae075d9d725009bea51ca2,ABCD210A57,2025-01-01 0:00:00,OnboardingDiscount
Email,685a602fa9cec612342845fg,New User Discount,2025-05-20 0:00:00,Even Triggered,63a1cc2b5562f6113166ac6e,ABCDA51F2F,2025-01-01 0:00:00,OnboardingDiscount
Push,685a602fa9cec612342845fg,New User Discount,2025-02-12 0:00:00,Even Triggered,63bd73fe7380a109b384c8a8,ABCD171085,2025-01-01 0:00:00,OnboardingDiscount
SMS,685a602fa9cec612342845fg,New User Discount,2025-01-18 0:00:00,Even Triggered,63bd72dc7380a154e784644a,ABCDA4698D,2025-01-01 0:00:00,OnboardingDiscount
WhatsApp,685a602fa9cec612342845fg,New User Discount,2025-05-05 0:00:00,Even Triggered,63bd70817380a109b2af3f6c,ABCDD0724D,2025-01-01 0:00:00,OnboardingDiscount
Email,685a602fa9cec612342845fg,New User Discount,2025-07-29 0:00:00,Even Triggered,63bd7fa87380a109b4fea429,ABCD5AE328,2025-01-01 0:00:00,OnboardingDiscount
Push,685a602fa9cec612342845fg,New User Discount,2025-12-26 0:00:00,Even Triggered,63a3171a63f8c5f58aacb8c2,ABCD27920A,2025-01-01 0:00:00,OnboardingDiscount
SMS,685a602fa9cec612342845fg,New User Discount,2025-12-23 0:00:00,Even Triggered,63bd4091a9128d28f2ed1bfc,ABCDC6C8D1,2025-01-01 0:00:00,OnboardingDiscount
WhatsApp,685a602fa9cec612342845fg,New User Discount,2025-07-21 0:00:00,Even Triggered,63bd82e87380a1097162bdfe,ABCD837874,2025-01-01 0:00:00,OnboardingDiscount
Email,685a602fa9cec612342845fg,New User Discount,2025-11-28 0:00:00,Even Triggered,63bd65cd7380a10999fce3be,ABCD4FB4FC,2025-01-01 0:00:00,OnboardingDiscount
Push,685a602fa9cec612342845fg,New User Discount,2025-06-26 0:00:00,Even Triggered,63bd6a797380a109a3fd62a9,ABCDB89FF0,2025-01-01 0:00:00,OnboardingDiscount
SMS,685a602fa9cec612342845fg,New User Discount,2025-07-22 0:00:00,Even Triggered,63bd69037380a1544c8375f3,ABCD725A5D,2025-01-01 0:00:00,OnboardingDiscount
WhatsApp,685a602fa9cec612342845fg,New User Discount,2025-07-15 0:00:00,Even Triggered,63bd6b1a7380a109716174b7,ABCD5DA9B3,2025-01-01 0:00:00,OnboardingDiscount
Email,685a602fa9cec612342845fg,New User Discount,2025-04-16 0:00:00,Even Triggered,63bd821d7380a109a3fecaa1,ABCD26CD9B,2025-01-01 0:00:00,OnboardingDiscount
Push,685a602fa9cec612342845fg,New User Discount,2025-05-04 0:00:00,Even Triggered,63bd6e424160e208cacedb05,ABCDBF568B,2025-01-01 0:00:00,OnboardingDiscount
SMS,685a602fa9cec612342845fg,New User Discount,2025-12-16 0:00:00,Even Triggered,63bd6b5d7380a109b6aeb06c,ABCD7E92C0,2025-01-01 0:00:00,OnboardingDiscount
WhatsApp,685a602fa9cec612342845fg,New User Discount,2025-04-07 0:00:00,Even Triggered,65a0600e7ae59445fc8f8a6c,ABCD3DD602,2025-01-01 0:00:00,OnboardingDiscount
Email,685a602fa9cec612342845fg,New User Discount,2025-04-28 0:00:00,Even Triggered,63bd71787380a13557174696,ABCD022440,2025-01-01 0:00:00,OnboardingDiscount
Push,685a602fa9cec612342845fg,New User Discount,2025-04-11 0:00:00,Even Triggered,63bd695f7380a17e42fce1de,ABCD32375D,2025-01-01 0:00:00,OnboardingDiscount
SMS,685a602fa9cec612342845fg,New User Discount,2025-05-11 0:00:00,Even Triggered,63a61b1fd7db243998875218,ABCD4ECD42,2025-01-01 0:00:00,OnboardingDiscount
WhatsApp,685a602fa9cec612342845fg,New User Discount,2025-04-15 0:00:00,Even Triggered,63bd6a4a7380a13ed2169732,ABCD81C8A3,2025-01-01 0:00:00,OnboardingDiscount
Email,685a602fa9cec612342845fg,New User Discount,2025-09-30 0:00:00,Even Triggered,63bd6b3127597608d522d5df,ABCD46EC18,2025-01-01 0:00:00,OnboardingDiscount
Push,685a602fa9cec612342845fg,New User Discount,2025-10-06 0:00:00,Even Triggered,63bd69817380a10971615256,ABCDE14893,2025-01-01 0:00:00,OnboardingDiscount
SMS,685a602fa9cec612342845fg,New User Discount,2025-06-06 0:00:00,Even Triggered,63bd80ebec173308d66710f5,ABCDA3236A,2025-01-01 0:00:00,OnboardingDiscount
WhatsApp,685a602fa9cec612342845fg,New User Discount,2025-07-29 0:00:00,Even Triggered,63bd67a07380a1099cae5a92,ABCD31460D,2025-01-01 0:00:00,OnboardingDiscount
Email,685a602fa9cec612342845fg,New User Discount,2025-09-27 0:00:00,Even Triggered,63bd80d87380a1544c84ec15,ABCDCCE439,2025-01-01 0:00:00,OnboardingDiscount
Push,685a602fa9cec612342845fg,New User Discount,2025-12-07 0:00:00,Even Triggered,63bd7e227380a1648717bb10,ABCDE2A67E,2025-01-01 0:00:00,OnboardingDiscount
SMS,685a602fa9cec612342845fg,New User Discount,2025-04-23 0:00:00,Even Triggered,63bd691d7380a109bbae826b,ABCD29ABE7,2025-01-01 0:00:00,OnboardingDiscount
WhatsApp,685a602fa9cec612342845fg,New User Discount,2025-12-30 0:00:00,Even Triggered,63a16696b42f1c0baaf53044,ABCDD2290D,2025-01-01 0:00:00,OnboardingDiscount
Email,685a602fa9cec612342845fg,New User Discount,2025-03-12 0:00:00,Even Triggered,6845b02348d3b2776cb3417a,ABCD4D5A19,2025-01-01 0:00:00,OnboardingDiscount
Push,685a602fa9cec612342845fg,New User Discount,2025-05-29 0:00:00,Even Triggered,63bd6e99ea1f962933dd5215,ABCD2F66F4,2025-01-01 0:00:00,OnboardingDiscount
SMS,685a602fa9cec612342845fg,New User Discount,2025-12-03 0:00:00,Even Triggered,63bd6bc77380a17e42fd152f,ABCD823604,2025-01-01 0:00:00,OnboardingDiscount
WhatsApp,685a602fa9cec612342845fg,New User Discount,2025-02-14 0:00:00,Even Triggered,63bd6bf07380a154e783b632,ABCDBB4345,2025-01-01 0:00:00,OnboardingDiscount
Email,685a602fa9cec612342845fg,New User Discount,2025-04-21 0:00:00,Even Triggered,6559c17bc6a6fdc36ea3c2e3,ABCDD8627C,2025-01-01 0:00:00,OnboardingDiscount
Push,685a602fa9cec612342845fg,New User Discount,2025-06-02 0:00:00,Even Triggered,63bd6dea30bbd408c6475a2b,ABCD979E5D,2025-01-01 0:00:00,OnboardingDiscount
SMS,685a602fa9cec612342845fg,New User Discount,2025-09-03 0:00:00,Even Triggered,63bd7255ec173308c41680ca,ABCDF769AC,2025-01-01 0:00:00,OnboardingDiscount
WhatsApp,685a602fa9cec612342845fg,New User Discount,2025-08-28 0:00:00,Even Triggered,63bd6bd24160e208d4f28023,ABCD40ADCC,2025-01-01 0:00:00,OnboardingDiscount
Email,685a602fa9cec612342845fg,New User Discount,2025-02-14 0:00:00,Even Triggered,63bd73177380a13557176ea2,ABCDFD8F96,2025-01-01 0:00:00,OnboardingDiscount
Push,685a602fa9cec612342845fg,New User Discount,2025-06-26 0:00:00,Even Triggered,63bd6a0f7380a109a3fd5a75,ABCDC6CF6B,2025-01-01 0:00:00,OnboardingDiscount
SMS,685a602fa9cec612342845fg,New User Discount,2025-05-28 0:00:00,Even Triggered,63bd737b7380a1099caf69d9,ABCDFBF24E,2025-01-01 0:00:00,OnboardingDiscount
WhatsApp,685a602fa9cec612342845fg,New User Discount,2025-05-07 0:00:00,Even Triggered,63bd7d997380a109b4fe781b,ABCD6069E6,2025-01-01 0:00:00,OnboardingDiscount
Email,685a602fa9cec612342845fg,New User Discount,2025-04-17 0:00:00,Even Triggered,6853e83c8924be639c5e003b,ABCD2D079F,2025-01-01 0:00:00,OnboardingDiscount
Push,685a602fa9cec612342845fg,New User Discount,2025-03-19 0:00:00,Even Triggered,63bd6fdc7380a1544c8426a5,ABCD13BB75,2025-01-01 0:00:00,OnboardingDiscount
SMS,685a602fa9cec612342845fg,New User Discount,2025-11-23 0:00:00,Even Triggered,63bd74047380a1097362455a,ABCD38B222,2025-01-01 0:00:00,OnboardingDiscount
WhatsApp,685a602fa9cec612342845fg,New User Discount,2025-07-27 0:00:00,Even Triggered,685994b75de3a93f523c202d,ABCD8C723A,2025-01-01 0:00:00,OnboardingDiscount
Email,685a602fa9cec612342845fg,New User Discount,2025-10-23 0:00:00,Even Triggered,63bd58fe5703f93d790cbea4,ABCDC14A26,2025-01-01 0:00:00,OnboardingDiscount
Push,685a602fa9cec612342845fg,New User Discount,2025-08-21 0:00:00,Even Triggered,63bd6cc527597608d522e740,ABCD68677B,2025-01-01 0:00:00,OnboardingDiscount
SMS,685a602fa9cec612342845fg,New User Discount,2025-05-14 0:00:00,Even Triggered,63bd6ee37380a1097161d6b4,ABCDFD4759,2025-01-01 0:00:00,OnboardingDiscount
WhatsApp,685a602fa9cec612342845fg,New User Discount,2025-03-10 0:00:00,Even Triggered,63bd68427380a10973613afd,ABCD47AFD2,2025-01-01 0:00:00,OnboardingDiscount
Email,685a602fa9cec612342845fg,New User Discount,2025-06-24 0:00:00,Even Triggered,63bd5277370721effc12b982,ABCD6D2BB8,2025-01-01 0:00:00,OnboardingDiscount
Push,685a602fa9cec612342845fg,New User Discount,2025-06-23 0:00:00,Even Triggered,63bd6b727380a17e42fd0c55,ABCDC734EA,2025-01-01 0:00:00,OnboardingDiscount
SMS,685a602fa9cec612342845fg,New User Discount,2025-03-18 0:00:00,Even Triggered,63bd699d7380a154e7838632,ABCD6E43E7,2025-01-01 0:00:00,OnboardingDiscount
WhatsApp,685a602fa9cec612342845fg,New User Discount,2025-05-23 0:00:00,Even Triggered,63df958e7b84caf56a3085b0,ABCDD73708,2025-01-01 0:00:00,OnboardingDiscount
Email,685a602fa9cec612342845fg,New User Discount,2025-10-11 0:00:00,Even Triggered,63bd895774193b08ddc50938,ABCD8AC336,2025-01-01 0:00:00,OnboardingDiscount
Push,685a602fa9cec612342845fg,New User Discount,2025-06-13 0:00:00,Even Triggered,63bd71587380a109b9849d6e,ABCD3E6B52,2025-01-01 0:00:00,OnboardingDiscount
SMS,685a602fa9cec612342845fg,New User Discount,2025-07-31 0:00:00,Even Triggered,63a4c4a48836c6f12e55ce19,ABCD16001B,2025-01-01 0:00:00,OnboardingDiscount
WhatsApp,685a602fa9cec612342845fg,New User Discount,2025-06-27 0:00:00,Even Triggered,63bd7258ec173308c557a4d9,ABCD8FF503,2025-01-01 0:00:00,OnboardingDiscount
Email,685a602fa9cec612342845fg,New User Discount,2025-11-15 0:00:00,Even Triggered,63bd64a47380a109b6ae1e49,ABCD6A2BE0,2025-01-01 0:00:00,OnboardingDiscount
Push,685a602fa9cec612342845fg,New User Discount,2025-07-27 0:00:00,Even Triggered,63bd722c7380a109b4fe1619,ABCD2FE0F0,2025-01-01 0:00:00,OnboardingDiscount
SMS,685a602fa9cec612342845fg,New User Discount,2025-08-06 0:00:00,Even Triggered,6834021e495aa415b5f80672,ABCDD92F55,2025-01-01 0:00:00,OnboardingDiscount
WhatsApp,685a602fa9cec612342845fg,New User Discount,2025-07-12 0:00:00,Even Triggered,63bd7351ec173308d24b7709,ABCD813969,2025-01-01 0:00:00,OnboardingDiscount
Email,685a602fa9cec612342845fg,New User Discount,2025-12-09 0:00:00,Even Triggered,63bd6a5b7380a1099cae9105,ABCDEE7237,2025-01-01 0:00:00,OnboardingDiscount
Push,685a602fa9cec612342845fg,New User Discount,2025-10-29 0:00:00,Even Triggered,63bd733d7380a1097762345d,ABCD57E0E4,2025-01-01 0:00:00,OnboardingDiscount
SMS,685a602fa9cec612342845fg,New User Discount,2025-08-25 0:00:00,Even Triggered,63a5cd82f96aaf83cd8b816a,ABCD63192B,2025-01-01 0:00:00,OnboardingDiscount
WhatsApp,685a602fa9cec612342845fg,New User Discount,2025-09-09 0:00:00,Even Triggered,63bd689b7380a109b4fd3541,ABCD401EF4,2025-01-01 0:00:00,OnboardingDiscount
Email,685a602fa9cec612342845fg,New User Discount,2025-04-13 0:00:00,Even Triggered,63bd6b837380a109b6aeb4e8,ABCDA8624D,2025-01-01 0:00:00,OnboardingDiscount
Push,685a602fa9cec612342845fg,New User Discount,2025-05-05 0:00:00,Even Triggered,63bd7f04ec173308d66701c2,ABCD3D94BA,2025-01-01 0:00:00,OnboardingDiscount
SMS,685a602fa9cec612342845fg,New User Discount,2025-09-19 0:00:00,Even Triggered,63bd715c3f26cc08d1abaafe,ABCDEA60C5,2025-01-01 0:00:00,OnboardingDiscount
WhatsApp,685a602fa9cec612342845fg,New User Discount,2025-02-10 0:00:00,Even Triggered,63bd80377380a13a9784b418,ABCDF515B2,2025-01-01 0:00:00,OnboardingDiscount
Email,685a602fa9cec612342845fg,New User Discount,2025-06-16 0:00:00,Even Triggered,63a13ecc479091de3d67df41,ABCD38E4E3,2025-01-01 0:00:00,OnboardingDiscount
Push,685a602fa9cec612342845fg,New User Discount,2025-05-09 0:00:00,Even Triggered,63bd6ae07380a109b4fd6243,ABCD3E6E15,2025-01-01 0:00:00,OnboardingDiscount
SMS,685a602fa9cec612342845fg,New User Discount,2025-08-13 0:00:00,Even Triggered,651959021899eda8fa4a79b6,ABCD013CFE,2025-01-01 0:00:00,OnboardingDiscount
WhatsApp,685a602fa9cec612342845fg,New User Discount,2025-09-13 0:00:00,Even Triggered,63bd735e3f26cc08e8db125a,ABCD7FD3B9,2025-01-01 0:00:00,OnboardingDiscount
Email,685a602fa9cec612342845fg,New User Discount,2025-04-14 0:00:00,Even Triggered,63baca02e2917230c87b8afe,ABCDB6E60D,2025-01-01 0:00:00,OnboardingDiscount
Push,685a602fa9cec612342845fg,New User Discount,2025-11-12 0:00:00,Even Triggered,63bd3eb3384d5c37738e0cbd,ABCDFCE4DA,2025-01-01 0:00:00,OnboardingDiscount
SMS,685a602fa9cec612342845fg,New User Discount,2025-11-17 0:00:00,Even Triggered,677ff1798418f45f32c4173a,ABCDDB4BA6,2025-01-01 0:00:00,OnboardingDiscount
WhatsApp,685a602fa9cec612342845fg,New User Discount,2025-01-08 0:00:00,Even Triggered,63a0ab3b63faf63a2e91ce8f,ABCD194432,2025-01-01 0:00:00,OnboardingDiscount
Email,685a602fa9cec612342845fg,New User Discount,2025-07-31 0:00:00,Even Triggered,63bd66d77380a10971610cff,ABCDB28B92,2025-01-01 0:00:00,OnboardingDiscount
Push,685a602fa9cec612342845fg,New User Discount,2025-11-23 0:00:00,Even Triggered,63bd711a7380a17e42fda7d8,ABCD386361,2025-01-01 0:00:00,OnboardingDiscount
SMS,685a602fa9cec612342845fg,New User Discount,2025-04-17 0:00:00,Even Triggered,63bd8063ec173308d6670b93,ABCD990B58,2025-01-01 0:00:00,OnboardingDiscount
WhatsApp,685a602fa9cec612342845fg,New User Discount,2025-01-08 0:00:00,Even Triggered,63bd6d237380a17138ae886a,ABCDF30479,2025-01-01 0:00:00,OnboardingDiscount
Email,685a602fa9cec612342845fg,New User Discount,2025-07-22 0:00:00,Even Triggered,63bd7ef47380a109a3fe913d,ABCDFAB1C9,2025-01-01 0:00:00,OnboardingDiscount
Push,685a602fa9cec612342845fg,New User Discount,2025-07-20 0:00:00,Even Triggered,63bd6b107380a1099316f198,ABCD564310,2025-01-01 0:00:00,OnboardingDiscount
SMS,685a602fa9cec612342845fg,New User Discount,2025-02-27 0:00:00,Even Triggered,63bd705b7380a1508d619ef2,ABCD8B5518,2025-01-01 0:00:00,OnboardingDiscount
WhatsApp,685a602fa9cec612342845fg,New User Discount,2025-09-22 0:00:00,Even Triggered,63bd75157380a10977625320,ABCD9DE4A5,2025-01-01 0:00:00,OnboardingDiscount
Email,685a602fa9cec612342845fg,New User Discount,2025-12-21 0:00:00,Even Triggered,63bd738c7380a13557177631,ABCDB9F7A8,2025-01-01 0:00:00,OnboardingDiscount
Push,685a602fa9cec612342845fg,New User Discount,2025-01-09 0:00:00,Even Triggered,63bd82a17380a1097362d587,ABCD4B42C5,2025-01-01 0:00:00,OnboardingDiscount
SMS,685a602fa9cec612342845fg,New User Discount,2025-01-21 0:00:00,Even Triggered,65e4a550c418c20bcdd9ba62,ABCD9434DF,2025-01-01 0:00:00,OnboardingDiscount
WhatsApp,685a602fa9cec612342845fg,New User Discount,2025-07-13 0:00:00,Even Triggered,63bd837b7380a1544c850ef4,ABCDE7D595,2025-01-01 0:00:00,OnboardingDiscount